{"stats":{"minecraft:picked_up":{"minecraft:wooden_axe":4,"minecraft:wheat":21,"minecraft:crafting_table":4,"minecraft:allium":10,"minecraft:azure_bluet":3,"minecraft:chicken":8,"minecraft:redstone_lamp":4,"minecraft:lead":1,"minecraft:wooden_pickaxe":1,"minecraft:oak_stairs":2,"minecraft:cornflower":1,"minecraft:moss_carpet":1,"minecraft:raw_copper":74,"minecraft:wooden_sword":2,"minecraft:flint_and_steel":1,"minecraft:compass":1,"paraglider:deku_leaf":1,"minecraft:gold_nugget":4,"minecraft:comparator":1,"minecraft:spruce_planks":12,"minecraft:beef":25,"minecraft:spruce_slab":45,"minecraft:azalea":1,"minecraft:iron_nugget":9,"minecraft:poppy":6,"minecraft:iron_pickaxe":2,"minecraft:melon_slice":6,"minecraft:birch_sapling":4,"minecraft:egg":32,"minecraft:beehive":1,"minecraft:stick":93,"minecraft:raw_iron":4,"minecraft:stone":18,"minecraft:oak_fence":4,"minecraft:torch":35,"minecraft:spruce_stairs":2,"minecraft:porkchop":2,"minecraft:target":2,"minecraft:redstone":9,"minecraft:carrot":14,"minecraft:tnt":4,"mythic_charms:experience_nugget":95,"minecraft:stone_sword":4,"minecraft:arrow":50,"minecraft:rotten_flesh":28,"minecraft:stone_shovel":3,"minecraft:peony":1,"minecraft:mutton":16,"minecraft:white_wool":1,"minecraft:cobblestone":544,"minecraft:oxeye_daisy":2,"minecraft:stripped_oak_log":4,"minecraft:birch_log":53,"minecraft:pink_petals":30,"minecraft:feather":22,"minecraft:repeater":2,"minecraft:leather":21,"minecraft:red_mushroom":3,"minecraft:potato":51,"minecraft:birch_planks":129,"minecraft:oak_log":421,"minecraft:gunpowder":39,"mca:book_romance":1,"minecraft:dirt":662,"minecraft:lantern":1,"farmersdelight:organic_compost":2,"naturalist:bass":6,"minecraft:bone":6,"minecraft:stone_bricks":7,"minecraft:apple":66,"minecraft:gray_carpet":7,"minecraft:bow":2,"minecraft:wheat_seeds":33,"minecraft:stone_pickaxe":3,"minecraft:rabbit_hide":2,"minecraft:iron_ingot":2,"minecraft:stripped_oak_wood":2,"minecraft:glass_bottle":2,"minecraft:iron_sword":1,"minecraft:oak_planks":52,"minecraft:flowering_azalea":4,"minecraft:cooked_porkchop":10,"minecraft:pumpkin":4,"minecraft:dandelion":7,"minecraft:gravel":2,"minecraft:spruce_sapling":116,"minecraft:white_bed":1,"minecraft:spruce_log":244,"minecraft:lily_of_the_valley":1,"minecraft:jungle_slab":2,"minecraft:spider_eye":3,"minecraft:mossy_cobblestone":1,"minecraft:iron_hoe":1,"minecraft:stone_axe":6,"minecraft:painting":1,"minecraft:oak_sapling":138,"minecraft:coal":30,"minecraft:ender_pearl":1},"minecraft:crafted":{"minecraft:wooden_sword":2,"minecraft:oak_planks":58,"minecraft:stone_shovel":1,"minecraft:furnace":1,"minecraft:stone":49,"minecraft:cooked_mutton":1,"minecraft:stone_pickaxe":4,"minecraft:stone_bricks":32,"minecraft:cooked_porkchop":6,"minecraft:crafting_table":3,"minecraft:spruce_planks":16,"minecraft:wooden_pickaxe":2,"minecraft:cooked_salmon":1,"minecraft:stone_axe":5,"minecraft:stick":28,"minecraft:wooden_axe":2,"minecraft:stone_sword":2},"minecraft:mined":{"minecraft:mossy_cobblestone":1,"minecraft:sculk_vein":19,"minecraft:allium":8,"minecraft:grass_block":167,"minecraft:redstone_wire":11,"minecraft:spruce_leaves":11,"minecraft:red_mushroom":2,"minecraft:oxeye_daisy":2,"minecraft:iron_ore":4,"minecraft:target":1,"minecraft:pumpkin":7,"treechop:chopped_log":37,"minecraft:azure_bluet":3,"minecraft:peony":1,"minecraft:oak_stairs":2,"minecraft:azalea_leaves":1,"minecraft:azalea":1,"minecraft:stone":184,"minecraft:acacia_leaves":9,"minecraft:flowering_azalea":2,"minecraft:glass_pane":14,"minecraft:comparator":1,"farmersdelight:organic_compost":1,"minecraft:lily_of_the_valley":1,"minecraft:dandelion":8,"minecraft:oak_fence":2,"minecraft:crafting_table":1,"minecraft:cornflower":1,"minecraft:poppy":7,"minecraft:sculk_sensor":1,"minecraft:glass":1,"minecraft:tall_grass":10,"minecraft:copper_ore":14,"minecraft:cobblestone":79,"minecraft:oak_planks":5,"minecraft:sculk":74,"minecraft:pink_petals":7,"minecraft:repeater":2,"minecraft:birch_log":15,"minecraft:spruce_log":53,"minecraft:stripped_oak_wood":1,"minecraft:grass":56,"minecraft:oak_log":60,"minecraft:coal_ore":20,"minecraft:dirt":225,"minecraft:gray_carpet":8,"minecraft:stone_bricks":11,"minecraft:oak_leaves":4,"minecraft:redstone_lamp":4},"minecraft:killed_by":{"minecraft:player":4,"minecraft:creeper":1,"minecraft:warden":1,"minecraft:skeleton":3,"minecraft:witch":1,"minecraft:zombie":4},"minecraft:killed":{"minecraft:pig":1,"naturalist:butterfly":1,"minecraft:sheep":1,"minecraft:zombie":8,"minecraft:player":3,"minecraft:cow":5},"minecraft:used":{"minecraft:azalea":1,"minecraft:rose_bush":1,"minecraft:stone_sword":33,"minecraft:stone_shovel":203,"minecraft:redstone":1,"minecraft:poppy":4,"minecraft:stone":2,"minecraft:iron_sword":1,"minecraft:cooked_salmon":1,"minecraft:rotten_flesh":1,"minecraft:dirt":37,"minecraft:mutton":8,"minecraft:allium":4,"minecraft:azure_bluet":3,"minecraft:milk_bucket":2,"minecraft:wooden_axe":33,"minecraft:flowering_azalea":4,"minecraft:oak_stairs":1,"minecraft:stone_bricks":39,"minecraft:repeater":2,"minecraft:redstone_lamp":2,"minecraft:furnace":1,"minecraft:pumpkin":3,"minecraft:cooked_mutton":1,"minecraft:stone_pickaxe":171,"minecraft:oak_planks":7,"minecraft:wooden_pickaxe":91,"minecraft:white_bed":1,"minecraft:spruce_log":70,"minecraft:apple":6,"minecraft:iron_pickaxe":199,"minecraft:stone_axe":427,"minecraft:wooden_sword":7,"minecraft:cobblestone":115,"minecraft:porkchop":2,"minecraft:cooked_porkchop":2,"minecraft:dandelion":6},"minecraft:broken":{"minecraft:wooden_pickaxe":1,"minecraft:stone_axe":2,"minecraft:stone_shovel":1},"minecraft:custom":{"minecraft:mob_kills":16,"minecraft:interact_with_crafting_table":33,"minecraft:leave_game":2,"minecraft:time_since_death":10620,"minecraft:climb_one_cm":371,"minecraft:sprint_one_cm":18658,"minecraft:walk_one_cm":872279,"minecraft:drop":22,"minecraft:talked_to_villager":1,"minecraft:play_time":345671,"minecraft:deaths":15,"minecraft:sneak_time":5654,"minecraft:walk_under_water_one_cm":18384,"minecraft:jump":2480,"minecraft:interact_with_blast_furnace":1,"minecraft:walk_on_water_one_cm":47997,"minecraft:total_world_time":345671,"minecraft:interact_with_furnace":15,"minecraft:interact_with_stonecutter":1,"minecraft:sleep_in_bed":11,"minecraft:time_since_rest":10676,"minecraft:waystone_activated":1,"minecraft:damage_taken":4997,"minecraft:damage_dealt":3372,"minecraft:swim_one_cm":1651,"minecraft:fly_one_cm":33520,"minecraft:player_kills":3,"minecraft:open_chest":39,"minecraft:crouch_one_cm":10305,"minecraft:fall_one_cm":33872},"minecraft:dropped":{"minecraft:iron_sword":1,"minecraft:cooked_porkchop":6,"minecraft:red_mushroom":1,"minecraft:dirt":1,"mythic_charms:experience_nugget":5,"minecraft:pumpkin":1,"minecraft:stripped_oak_wood":1,"minecraft:raw_copper":1,"minecraft:lily_of_the_valley":1,"minecraft:spruce_planks":4,"minecraft:oak_sapling":1,"minecraft:wooden_pickaxe":1,"minecraft:beef":9,"minecraft:stone_pickaxe":2}},"DataVersion":3465}