{"stats":{"minecraft:picked_up":{"minecraft:wooden_axe":3,"minecraft:cocoa_beans":6,"minecraft:crafting_table":12,"minecraft:wheat":7,"minecraft:allium":8,"mcda:mercenary_armor_leggings":2,"minecraft:chicken":8,"minecraft:redstone_lamp":1,"minecraft:wooden_pickaxe":9,"minecraft:oak_stairs":4,"minecraft:enchanted_book":9,"minecraft:stone_brick_stairs":37,"minecraft:cornflower":2,"minecraft:string":20,"minecraft:raw_copper":33,"minecraft:iron_axe":1,"minecraft:flint_and_steel":3,"graveyard:corruption":2,"minecraft:spruce_planks":194,"minecraft:beef":18,"minecraft:rose_bush":2,"minecraft:azalea":4,"minecraft:iron_nugget":3,"minecraft:poppy":2,"minecraft:iron_pickaxe":1,"minecraft:spruce_slab":43,"minecraft:melon_slice":2,"minecraft:chest":4,"minecraft:birch_sapling":14,"minecraft:egg":23,"minecraft:beehive":4,"minecraft:stick":363,"minecraft:raw_iron":9,"minecraft:torch":143,"minecraft:spruce_stairs":82,"minecraft:porkchop":61,"minecraft:target":4,"minecraft:carrot":7,"minecraft:tnt":15,"minecraft:stone_sword":4,"mythic_charms:experience_nugget":135,"minecraft:arrow":121,"minecraft:stone_shovel":7,"minecraft:honey_bottle":6,"minecraft:rotten_flesh":31,"minecraft:jungle_stairs":4,"minecraft:peony":1,"minecraft:gold_ingot":3,"bountiful:bountyboard":1,"minecraft:glow_berries":28,"minecraft:mutton":22,"minecraft:white_wool":13,"minecraft:cobblestone":1655,"minecraft:birch_log":222,"minecraft:stripped_oak_log":4,"minecraft:pink_petals":10,"minecraft:feather":104,"minecraft:salmon":2,"minecraft:leather":9,"minecraft:birch_planks":80,"minecraft:potato":113,"minecraft:filled_map":6,"minecraft:flint":21,"minecraft:oak_log":310,"minecraft:gunpowder":14,"minecraft:lantern":3,"minecraft:stripped_birch_log":1,"minecraft:dirt":966,"naturalist:bass":24,"minecraft:bone":14,"minecraft:stone_bricks":20,"minecraft:apple":32,"minecraft:gray_carpet":3,"minecraft:bow":4,"minecraft:wheat_seeds":161,"minecraft:rabbit_hide":6,"minecraft:stone_pickaxe":14,"minecraft:stripped_oak_wood":2,"minecraft:glass_bottle":2,"minecraft:iron_sword":10,"minecraft:oak_planks":155,"minecraft:acacia_sapling":2,"minecraft:oak_slab":26,"minecraft:cooked_porkchop":7,"minecraft:pumpkin":39,"minecraft:sweet_berries":30,"minecraft:dandelion":26,"minecraft:gravel":22,"minecraft:jungle_planks":2,"minecraft:stripped_spruce_log":8,"minecraft:spruce_sapling":194,"minecraft:white_bed":6,"minecraft:spruce_log":805,"minecraft:lily_of_the_valley":2,"minecraft:jungle_slab":1,"minecraft:spider_eye":4,"minecraft:leather_helmet":1,"minecraft:iron_hoe":2,"minecraft:sugar":15,"minecraft:stone_axe":8,"waystones:waystone":6,"minecraft:crossbow":2,"minecraft:painting":26,"minecraft:emerald":63,"minecraft:bread":36,"minecraft:oak_sapling":230,"minecraft:coal":133},"minecraft:crafted":{"minecraft:oak_planks":228,"minecraft:stone_shovel":5,"minecraft:furnace":2,"minecraft:stone":113,"minecraft:stone_brick_slab":36,"minecraft:spruce_stairs":40,"minecraft:iron_axe":1,"minecraft:spruce_slab":120,"minecraft:ladder":57,"minecraft:iron_hoe":1,"minecraft:stone_pickaxe":7,"minecraft:chest":11,"minecraft:oak_fence":3,"minecraft:cooked_beef":8,"minecraft:oak_slab":108,"minecraft:cooked_porkchop":5,"minecraft:crafting_table":4,"minecraft:spruce_planks":312,"minecraft:wooden_pickaxe":2,"minecraft:birch_planks":284,"minecraft:stone_axe":7,"minecraft:air":0,"minecraft:stick":184,"minecraft:iron_ingot":6,"minecraft:iron_pickaxe":3,"minecraft:wooden_axe":2,"minecraft:stone_sword":1,"minecraft:stonecutter":1,"minecraft:white_bed":2,"minecraft:torch":116},"minecraft:mined":{"minecraft:spruce_planks":43,"minecraft:white_bed":5,"minecraft:jungle_slab":1,"minecraft:glow_lichen":1,"minecraft:allium":4,"minecraft:grass_block":178,"minecraft:jungle_planks":2,"minecraft:spruce_leaves":2,"minecraft:iron_ore":7,"minecraft:stripped_spruce_log":4,"minecraft:pumpkin":9,"treechop:chopped_log":52,"minecraft:lantern":3,"minecraft:stripped_oak_log":4,"minecraft:stone":690,"minecraft:spruce_slab":19,"minecraft:white_wool":1,"minecraft:tripwire":1,"bountiful:bountyboard":1,"minecraft:oak_slab":21,"minecraft:lily_of_the_valley":1,"minecraft:dandelion":4,"minecraft:powder_snow":1,"minecraft:crafting_table":5,"minecraft:torch":12,"minecraft:jungle_stairs":1,"minecraft:chest":4,"minecraft:rose_bush":1,"minecraft:copper_ore":2,"minecraft:tall_grass":118,"minecraft:cobblestone":153,"minecraft:oak_planks":4,"minecraft:wall_torch":8,"minecraft:spruce_stairs":28,"minecraft:birch_planks":17,"minecraft:beehive":1,"minecraft:birch_log":4,"minecraft:spruce_log":39,"minecraft:birch_leaves":5,"minecraft:stripped_oak_wood":1,"minecraft:stone_brick_stairs":19,"minecraft:grass":299,"minecraft:oak_log":52,"minecraft:coal_ore":70,"minecraft:gravel":23,"minecraft:dirt":205,"minecraft:stone_bricks":8,"minecraft:oak_leaves":23,"minecraft:fern":1},"minecraft:killed_by":{"minecraft:player":3,"minecraft:creeper":3,"minecraft:skeleton":4,"minecraft:zombie":1},"minecraft:killed":{"mca:male_zombie_villager":1,"minecraft:spider":8,"minecraft:skeleton":11,"minecraft:chicken":2,"naturalist:bass":6,"minecraft:husk":1,"minecraft:pig":3,"graveyard:ghoul":1,"minecraft:salmon":1,"minecraft:squid":1,"minecraft:sheep":6,"minecraft:zombie":17,"minecraft:player":4},"minecraft:used":{"minecraft:azalea":1,"minecraft:oak_fence":3,"minecraft:stone_sword":43,"minecraft:spruce_slab":97,"minecraft:stone_shovel":376,"minecraft:ladder":33,"minecraft:spruce_planks":70,"minecraft:chest":11,"minecraft:stone":3,"minecraft:iron_sword":80,"minecraft:rotten_flesh":4,"minecraft:torch":78,"minecraft:dirt":475,"minecraft:lily_of_the_valley":1,"minecraft:spruce_stairs":52,"minecraft:allium":5,"minecraft:honey_bottle":4,"minecraft:stone_brick_slab":8,"minecraft:wooden_axe":4,"minecraft:lantern":2,"minecraft:iron_axe":250,"minecraft:stone_brick_stairs":30,"minecraft:stone_bricks":31,"minecraft:bow":2,"naturalist:bass":3,"minecraft:birch_planks":17,"minecraft:stripped_birch_log":1,"minecraft:stone_pickaxe":889,"minecraft:wooden_pickaxe":59,"minecraft:stonecutter":1,"minecraft:white_wool":1,"minecraft:glow_berries":2,"minecraft:oak_slab":122,"minecraft:crafting_table":9,"minecraft:crossbow":4,"minecraft:white_bed":6,"minecraft:spruce_log":74,"minecraft:oak_log":28,"waystones:waystone":2,"minecraft:apple":6,"minecraft:cornflower":1,"minecraft:bread":22,"minecraft:iron_pickaxe":73,"minecraft:map":1,"minecraft:stone_axe":447,"minecraft:diamond_sword":6,"minecraft:cobblestone":256,"minecraft:stripped_oak_wood":2,"minecraft:cooked_porkchop":7,"minecraft:dandelion":8},"minecraft:broken":{"minecraft:stone_pickaxe":6,"minecraft:iron_axe":1,"minecraft:stone_axe":3,"minecraft:stone_shovel":2},"minecraft:custom":{"minecraft:mob_kills":59,"minecraft:interact_with_crafting_table":58,"minecraft:open_barrel":6,"minecraft:leave_game":5,"minecraft:time_since_death":10023,"minecraft:climb_one_cm":6273,"minecraft:sprint_one_cm":547424,"minecraft:walk_one_cm":1725174,"minecraft:drop":31,"minecraft:talked_to_villager":4,"minecraft:target_hit":1,"minecraft:play_time":412642,"minecraft:sneak_time":10698,"minecraft:deaths":19,"minecraft:walk_under_water_one_cm":32255,"minecraft:jump":5031,"minecraft:walk_on_water_one_cm":31376,"minecraft:total_world_time":412642,"minecraft:interact_with_furnace":24,"minecraft:interact_with_stonecutter":11,"minecraft:sleep_in_bed":16,"minecraft:waystone_activated":4,"minecraft:time_since_rest":10067,"minecraft:damage_taken":6623,"minecraft:damage_dealt":8495,"minecraft:player_kills":4,"minecraft:swim_one_cm":88172,"minecraft:fly_one_cm":746256,"minecraft:open_chest":53,"minecraft:crouch_one_cm":34378,"minecraft:interact_with_smoker":2,"minecraft:fall_one_cm":99875},"minecraft:dropped":{"minecraft:iron_sword":1,"minecraft:oak_log":4,"minecraft:cooked_porkchop":5,"minecraft:cobblestone":89,"minecraft:stick":4,"minecraft:wooden_axe":1,"minecraft:iron_pickaxe":1,"minecraft:white_wool":1,"minecraft:stone_axe":3,"minecraft:stone_shovel":2,"minecraft:oak_planks":5,"minecraft:spruce_planks":4,"minecraft:spruce_slab":21,"minecraft:painting":1,"minecraft:bow":1,"minecraft:arrow":16,"minecraft:stone_pickaxe":1}},"DataVersion":3465}