{
  "minecraft:recipes/decorations/crafting_table": {
    "criteria": {
      "unlock_right_away": "2024-06-05 03:51:25 +0000"
    },
    "done": true
  },
  "dungeons_arise:wda_root": {
    "criteria": {
      "WDA": "2024-06-05 03:51:25 +0000"
    },
    "done": true
  },
  "the_bumblezone:root": {
    "criteria": {
      "instant_granted": "2024-06-05 03:51:25 +0000"
    },
    "done": true
  },
  "the_bumblezone:wiki": {
    "criteria": {
      "instant_granted": "2024-06-05 03:51:25 +0000"
    },
    "done": true
  },
  "minecraft:adventure/adventuring_time": {
    "criteria": {
      "minecraft:taiga": "2024-06-16 05:24:45 +0000",
      "minecraft:cherry_grove": "2024-06-06 04:37:51 +0000",
      "minecraft:sparse_jungle": "2024-06-06 05:09:33 +0000",
      "minecraft:river": "2024-06-05 04:11:02 +0000",
      "minecraft:stony_shore": "2024-06-05 04:18:22 +0000",
      "minecraft:grove": "2024-06-05 03:51:26 +0000",
      "minecraft:cold_ocean": "2024-06-16 05:23:13 +0000",
      "minecraft:forest": "2024-06-05 03:54:39 +0000",
      "minecraft:frozen_peaks": "2024-06-05 03:55:00 +0000",
      "minecraft:old_growth_birch_forest": "2024-06-16 05:20:02 +0000",
      "minecraft:deep_dark": "2024-06-05 03:54:06 +0000",
      "minecraft:plains": "2024-06-05 04:08:59 +0000"
    },
    "done": false
  },
  "farmersdelight:recipes/cooking/stuffed_pumpkin_block": {
    "criteria": {
      "has_pumpkin": "2024-06-05 03:55:13 +0000"
    },
    "done": true
  },
  "minecraft:recipes/misc/pumpkin_seeds": {
    "criteria": {
      "has_pumpkin": "2024-06-05 03:55:13 +0000"
    },
    "done": true
  },
  "naturalist:recipes/food/cooked_egg": {
    "criteria": {
      "has_eggs": "2024-06-05 03:55:13 +0000"
    },
    "done": true
  },
  "farmersdelight:recipes/cooking/pumpkin_soup": {
    "criteria": {
      "has_any_ingredient": "2024-06-05 03:55:13 +0000"
    },
    "done": true
  },
  "travelersbackpack:recipes/misc/pumpkin": {
    "criteria": {
      "has_pumpkin": "2024-06-05 03:55:13 +0000"
    },
    "done": true
  },
  "minecraft:recipes/food/pumpkin_pie": {
    "criteria": {
      "has_pumpkin": "2024-06-05 03:55:13 +0000"
    },
    "done": true
  },
  "totw_modded:root": {
    "criteria": {
      "sample_trigger": "2024-06-05 03:55:13 +0000"
    },
    "done": true
  },
  "farmersdelight:main/root": {
    "criteria": {
      "seeds": "2024-06-05 03:55:13 +0000"
    },
    "done": true
  },
  "decorative_blocks:recipes/building_blocks/oak_palisade": {
    "criteria": {
      "has_log": "2024-06-05 03:56:03 +0000"
    },
    "done": true
  },
  "minecraft:recipes/misc/charcoal": {
    "criteria": {
      "has_log": "2024-06-05 03:56:03 +0000"
    },
    "done": true
  },
  "naturescompass:natures_compass_log": {
    "criteria": {
      "has_log": "2024-06-05 03:56:03 +0000"
    },
    "done": true
  },
  "naturescompass:natures_compass_sapling": {
    "criteria": {
      "has_recipe": "2024-06-05 03:56:03 +0000"
    },
    "done": true
  },
  "minecraft:recipes/building_blocks/oak_planks": {
    "criteria": {
      "has_logs": "2024-06-05 03:56:03 +0000"
    },
    "done": true
  },
  "minecraft:recipes/building_blocks/oak_wood": {
    "criteria": {
      "has_log": "2024-06-05 03:56:03 +0000"
    },
    "done": true
  },
  "minecraft:recipes/decorations/oak_sign": {
    "criteria": {
      "has_planks": "2024-06-05 03:56:43 +0000"
    },
    "done": true
  },
  "minecraft:recipes/redstone/oak_trapdoor": {
    "criteria": {
      "has_planks": "2024-06-05 03:56:43 +0000"
    },
    "done": true
  },
  "mcdw:recipes/shields/shield_vanguard": {
    "criteria": {
      "has_planks": "2024-06-05 03:56:43 +0000"
    },
    "done": true
  },
  "minecraft:recipes/misc/stick": {
    "criteria": {
      "has_planks": "2024-06-05 03:56:43 +0000"
    },
    "done": true
  },
  "minecraft:recipes/building_blocks/oak_stairs": {
    "criteria": {
      "has_planks": "2024-06-05 03:56:43 +0000"
    },
    "done": true
  },
  "minecraft:recipes/decorations/oak_fence": {
    "criteria": {
      "has_planks": "2024-06-05 03:56:43 +0000"
    },
    "done": true
  },
  "mcdw:recipes/crossbows/crossbow_scatter": {
    "criteria": {
      "has_oak_planks": "2024-06-05 03:56:43 +0000"
    },
    "done": true
  },
  "decorative_blocks:recipes/building_blocks/oak_support": {
    "criteria": {
      "has_plank": "2024-06-05 03:56:43 +0000"
    },
    "done": true
  },
  "minecraft:recipes/redstone/oak_button": {
    "criteria": {
      "has_planks": "2024-06-05 03:56:43 +0000"
    },
    "done": true
  },
  "minecraft:recipes/building_blocks/oak_slab": {
    "criteria": {
      "has_planks": "2024-06-05 03:56:43 +0000"
    },
    "done": true
  },
  "minecraft:recipes/redstone/oak_fence_gate": {
    "criteria": {
      "has_planks": "2024-06-05 03:56:43 +0000"
    },
    "done": true
  },
  "minecraft:recipes/redstone/oak_pressure_plate": {
    "criteria": {
      "has_planks": "2024-06-05 03:56:43 +0000"
    },
    "done": true
  },
  "minecraft:recipes/redstone/oak_door": {
    "criteria": {
      "has_planks": "2024-06-05 03:56:43 +0000"
    },
    "done": true
  },
  "mcdw:recipes/crossbows/crossbow_harpoon_crossbow": {
    "criteria": {
      "has_planks": "2024-06-05 03:56:43 +0000"
    },
    "done": true
  },
  "minecraft:recipes/decorations/barrel": {
    "criteria": {
      "has_planks": "2024-06-05 03:56:43 +0000"
    },
    "done": true
  },
  "decorative_blocks:recipes/building_blocks/oak_seat": {
    "criteria": {
      "has_plank": "2024-06-05 03:56:43 +0000"
    },
    "done": true
  },
  "paraglider:root": {
    "criteria": {
      "crafting_table": "2024-06-05 03:57:00 +0000"
    },
    "done": true
  },
  "travelersbackpack:recipes/misc/crafting_upgrade": {
    "criteria": {
      "has_crafting_table": "2024-06-05 03:57:00 +0000"
    },
    "done": true
  },
  "soulsweapons:root": {
    "criteria": {
      "crafting_table": "2024-06-05 03:57:00 +0000"
    },
    "done": true
  },
  "aquamirae:adventure/root": {
    "criteria": {
      "crafting_table": "2024-06-05 03:57:00 +0000"
    },
    "done": true
  },
  "minecraft:story/root": {
    "criteria": {
      "crafting_table": "2024-06-05 03:57:00 +0000"
    },
    "done": true
  },
  "minecraft:recipes/decorations/ladder": {
    "criteria": {
      "has_stick": "2024-06-05 03:57:27 +0000"
    },
    "done": true
  },
  "mcda:recipes/crafting_items/fabric_bolt_purple": {
    "criteria": {
      "has_stick": "2024-06-05 03:57:27 +0000"
    },
    "done": true
  },
  "mcda:recipes/crafting_items/fabric_bolt_orange": {
    "criteria": {
      "has_stick": "2024-06-05 03:57:27 +0000"
    },
    "done": true
  },
  "mcda:recipes/crafting_items/fabric_bolt_light_blue": {
    "criteria": {
      "has_stick": "2024-06-05 03:57:27 +0000"
    },
    "done": true
  },
  "mcda:recipes/crafting_items/fabric_bolt_yellow": {
    "criteria": {
      "has_stick": "2024-06-05 03:57:27 +0000"
    },
    "done": true
  },
  "farmersdelight:recipes/combat/flint_knife": {
    "criteria": {
      "has_stick": "2024-06-05 03:57:27 +0000"
    },
    "done": true
  },
  "mcda:recipes/crafting_items/fabric_bolt_brown": {
    "criteria": {
      "has_stick": "2024-06-05 03:57:27 +0000"
    },
    "done": true
  },
  "minecraft:recipes/tools/wooden_axe": {
    "criteria": {
      "has_stick": "2024-06-05 03:57:27 +0000"
    },
    "done": true
  },
  "mcda:recipes/crafting_items/fabric_bolt_magenta": {
    "criteria": {
      "has_stick": "2024-06-05 03:57:27 +0000"
    },
    "done": true
  },
  "mcda:recipes/crafting_items/fabric_bolt_green": {
    "criteria": {
      "has_stick": "2024-06-05 03:57:27 +0000"
    },
    "done": true
  },
  "mcda:recipes/crafting_items/fabric_bolt_black": {
    "criteria": {
      "has_stick": "2024-06-05 03:57:27 +0000"
    },
    "done": true
  },
  "mcda:recipes/crafting_items/fabric_bolt_cyan": {
    "criteria": {
      "has_stick": "2024-06-05 03:57:27 +0000"
    },
    "done": true
  },
  "mcda:recipes/crafting_items/fabric_bolt_blue": {
    "criteria": {
      "has_stick": "2024-06-05 03:57:27 +0000"
    },
    "done": true
  },
  "mcda:recipes/crafting_items/fabric_bolt_lime": {
    "criteria": {
      "has_stick": "2024-06-05 03:57:27 +0000"
    },
    "done": true
  },
  "mcda:recipes/crafting_items/fabric_bolt_white": {
    "criteria": {
      "has_stick": "2024-06-05 03:57:27 +0000"
    },
    "done": true
  },
  "mcda:recipes/crafting_items/fabric_bolt_pink": {
    "criteria": {
      "has_stick": "2024-06-05 03:57:27 +0000"
    },
    "done": true
  },
  "decorative_blocks:recipes/building_blocks/lattice": {
    "criteria": {
      "has_stick": "2024-06-05 03:57:27 +0000"
    },
    "done": true
  },
  "minecraft:recipes/decorations/campfire": {
    "criteria": {
      "has_stick": "2024-06-05 03:57:27 +0000"
    },
    "done": true
  },
  "minecraft:recipes/tools/wooden_hoe": {
    "criteria": {
      "has_stick": "2024-06-05 03:57:27 +0000"
    },
    "done": true
  },
  "minecraft:recipes/tools/wooden_pickaxe": {
    "criteria": {
      "has_stick": "2024-06-05 03:57:27 +0000"
    },
    "done": true
  },
  "minecraft:recipes/tools/wooden_shovel": {
    "criteria": {
      "has_stick": "2024-06-05 03:57:27 +0000"
    },
    "done": true
  },
  "paraglider:recipes/misc/paraglider": {
    "criteria": {
      "has_stick": "2024-06-05 03:57:27 +0000"
    },
    "done": true
  },
  "minecraft:recipes/combat/wooden_sword": {
    "criteria": {
      "has_stick": "2024-06-05 03:57:27 +0000"
    },
    "done": true
  },
  "farmersdelight:recipes/decorations/cutting_board": {
    "criteria": {
      "has_stick": "2024-06-05 03:57:27 +0000"
    },
    "done": true
  },
  "mcda:recipes/crafting_items/fabric_bolt_gray": {
    "criteria": {
      "has_stick": "2024-06-05 03:57:27 +0000"
    },
    "done": true
  },
  "mcda:recipes/crafting_items/fabric_bolt_red": {
    "criteria": {
      "has_stick": "2024-06-05 03:57:27 +0000"
    },
    "done": true
  },
  "mcda:recipes/crafting_items/fabric_bolt_light_gray": {
    "criteria": {
      "has_stick": "2024-06-05 03:57:27 +0000"
    },
    "done": true
  },
  "minecraft:recipes/decorations/chest": {
    "criteria": {
      "has_lots_of_items": "2024-06-05 03:59:40 +0000"
    },
    "done": true
  },
  "mca:recipes/misc/family_tree": {
    "criteria": {
      "has_item": "2024-06-05 03:59:44 +0000"
    },
    "done": true
  },
  "mcda:recipes/upgrade_cores/upgrade_core_verdant": {
    "criteria": {
      "has_core_specification_item": "2024-06-05 03:59:44 +0000"
    },
    "done": true
  },
  "minecraft:recipes/redstone/lever": {
    "criteria": {
      "has_cobblestone": "2024-06-05 03:59:48 +0000"
    },
    "done": true
  },
  "travelersbackpack:recipes/misc/coal": {
    "criteria": {
      "has_coal": "2024-06-05 03:59:48 +0000"
    },
    "done": true
  },
  "minecraft:recipes/combat/stone_sword": {
    "criteria": {
      "has_cobblestone": "2024-06-05 03:59:48 +0000"
    },
    "done": true
  },
  "minecraft:recipes/decorations/cobblestone_wall": {
    "criteria": {
      "has_cobblestone": "2024-06-05 03:59:48 +0000"
    },
    "done": true
  },
  "minecraft:recipes/tools/stone_axe": {
    "criteria": {
      "has_cobblestone": "2024-06-05 03:59:48 +0000"
    },
    "done": true
  },
  "minecraft:recipes/building_blocks/raw_iron_block": {
    "criteria": {
      "has_raw_iron": "2024-06-05 03:59:48 +0000"
    },
    "done": true
  },
  "minecraft:story/mine_stone": {
    "criteria": {
      "get_stone": "2024-06-05 03:59:48 +0000"
    },
    "done": true
  },
  "minecraft:recipes/decorations/furnace": {
    "criteria": {
      "has_cobblestone": "2024-06-05 03:59:48 +0000"
    },
    "done": true
  },
  "minecraft:recipes/building_blocks/cobblestone_slab_from_cobblestone_stonecutting": {
    "criteria": {
      "has_cobblestone": "2024-06-05 03:59:48 +0000"
    },
    "done": true
  },
  "minecraft:recipes/building_blocks/stone": {
    "criteria": {
      "has_cobblestone": "2024-06-05 03:59:48 +0000"
    },
    "done": true
  },
  "minecraft:recipes/building_blocks/coal_block": {
    "criteria": {
      "has_coal": "2024-06-05 03:59:48 +0000"
    },
    "done": true
  },
  "mythic_charms:recipes/experience_bottle": {
    "criteria": {
      "has_deepslate_fragment": "2024-06-05 03:59:48 +0000"
    },
    "done": true
  },
  "minecraft:recipes/misc/iron_ingot_from_smelting_raw_iron": {
    "criteria": {
      "has_raw_iron": "2024-06-05 03:59:48 +0000"
    },
    "done": true
  },
  "minecraft:recipes/tools/stone_pickaxe": {
    "criteria": {
      "has_cobblestone": "2024-06-05 03:59:48 +0000"
    },
    "done": true
  },
  "minecraft:recipes/building_blocks/cobblestone_slab": {
    "criteria": {
      "has_cobblestone": "2024-06-05 03:59:48 +0000"
    },
    "done": true
  },
  "mca:recipes/building_blocks/headstones": {
    "criteria": {
      "has_ingredients": "2024-06-05 03:59:48 +0000"
    },
    "done": true
  },
  "minecraft:recipes/misc/iron_ingot_from_blasting_raw_iron": {
    "criteria": {
      "has_raw_iron": "2024-06-05 03:59:48 +0000"
    },
    "done": true
  },
  "minecraft:recipes/decorations/cobblestone_wall_from_cobblestone_stonecutting": {
    "criteria": {
      "has_cobblestone": "2024-06-05 03:59:48 +0000"
    },
    "done": true
  },
  "minecraft:recipes/building_blocks/cobblestone_stairs_from_cobblestone_stonecutting": {
    "criteria": {
      "has_cobblestone": "2024-06-05 03:59:48 +0000"
    },
    "done": true
  },
  "minecraft:recipes/building_blocks/cobblestone_stairs": {
    "criteria": {
      "has_cobblestone": "2024-06-05 03:59:48 +0000"
    },
    "done": true
  },
  "minecraft:recipes/tools/stone_hoe": {
    "criteria": {
      "has_cobblestone": "2024-06-05 03:59:48 +0000"
    },
    "done": true
  },
  "minecraft:recipes/tools/stone_shovel": {
    "criteria": {
      "has_cobblestone": "2024-06-05 03:59:48 +0000"
    },
    "done": true
  },
  "decorative_blocks:recipes/building_blocks/rocky_dirt": {
    "criteria": {
      "has_dirt": "2024-06-05 04:02:07 +0000"
    },
    "done": true
  },
  "minecraft:recipes/decorations/torch": {
    "criteria": {
      "has_stone_pickaxe": "2024-06-05 04:03:52 +0000"
    },
    "done": true
  },
  "minecraft:story/upgrade_tools": {
    "criteria": {
      "stone_pickaxe": "2024-06-05 04:03:52 +0000"
    },
    "done": true
  },
  "farmersdelight:recipes/cooking/dog_food": {
    "criteria": {
      "has_any_ingredient": "2024-06-05 04:04:39 +0000"
    },
    "done": true
  },
  "mcda:recipes/crafting_items/glut_charm": {
    "criteria": {
      "has_rotten_flesh": "2024-06-05 04:04:39 +0000"
    },
    "done": true
  },
  "mcdw:recipes/double_axes/double_axe_cursed": {
    "criteria": {
      "has_rotten_flesh": "2024-06-05 04:04:39 +0000"
    },
    "done": true
  },
  "overweight_farming:recipes/apply_violent_fullmetal_directly_to_compost": {
    "criteria": {
      "has_rotten_flesh": "2024-06-05 04:04:39 +0000"
    },
    "done": true
  },
  "farmersdelight:recipes/building_blocks/organic_compost_from_rotten_flesh": {
    "criteria": {
      "has_rotten_flesh": "2024-06-05 04:04:39 +0000"
    },
    "done": true
  },
  "minecraft:husbandry/root": {
    "criteria": {
      "consumed_item": "2024-06-05 04:04:56 +0000"
    },
    "done": true
  },
  "minecraft:husbandry/balanced_diet": {
    "criteria": {
      "cooked_porkchop": "2024-06-16 04:38:25 +0000",
      "cooked_mutton": "2024-06-16 04:58:26 +0000",
      "porkchop": "2024-06-05 04:08:36 +0000",
      "apple": "2024-06-05 04:45:20 +0000",
      "mutton": "2024-06-06 04:39:01 +0000",
      "rotten_flesh": "2024-06-05 04:04:56 +0000",
      "cooked_salmon": "2024-06-16 04:59:06 +0000"
    },
    "done": false
  },
  "minecraft:adventure/kill_all_mobs": {
    "criteria": {
      "minecraft:zombie": "2024-06-05 04:05:06 +0000"
    },
    "done": false
  },
  "minecraft:adventure/root": {
    "criteria": {
      "killed_something": "2024-06-05 04:05:06 +0000"
    },
    "done": true
  },
  "minecraft:adventure/kill_a_mob": {
    "criteria": {
      "minecraft:zombie": "2024-06-05 04:05:06 +0000"
    },
    "done": true
  },
  "minecraft:recipes/misc/white_dye_from_lily_of_the_valley": {
    "criteria": {
      "has_lily_of_the_valley": "2024-06-05 04:06:42 +0000"
    },
    "done": true
  },
  "mca:recipes/misc/bouquet": {
    "criteria": {
      "has_item": "2024-06-05 04:06:42 +0000"
    },
    "done": true
  },
  "farmersdelight:recipes/cooking/noodle_soup": {
    "criteria": {
      "has_any_ingredient": "2024-06-05 04:08:31 +0000"
    },
    "done": true
  },
  "minecraft:recipes/food/cooked_porkchop_from_campfire_cooking": {
    "criteria": {
      "has_porkchop": "2024-06-05 04:08:31 +0000"
    },
    "done": true
  },
  "minecraft:recipes/food/cooked_porkchop": {
    "criteria": {
      "has_porkchop": "2024-06-05 04:08:31 +0000"
    },
    "done": true
  },
  "minecraft:recipes/food/cooked_porkchop_from_smoking": {
    "criteria": {
      "has_porkchop": "2024-06-05 04:08:31 +0000"
    },
    "done": true
  },
  "travelersbackpack:recipes/misc/pig": {
    "criteria": {
      "has_porkchop": "2024-06-05 04:08:31 +0000"
    },
    "done": true
  },
  "minecraft:recipes/transportation/cherry_boat": {
    "criteria": {
      "in_water": "2024-06-05 04:10:57 +0000"
    },
    "done": true
  },
  "minecraft:recipes/transportation/bamboo_raft": {
    "criteria": {
      "in_water": "2024-06-05 04:10:57 +0000"
    },
    "done": true
  },
  "minecraft:recipes/transportation/spruce_boat": {
    "criteria": {
      "in_water": "2024-06-05 04:10:57 +0000"
    },
    "done": true
  },
  "minecraft:recipes/transportation/birch_boat": {
    "criteria": {
      "in_water": "2024-06-05 04:10:57 +0000"
    },
    "done": true
  },
  "minecraft:recipes/transportation/oak_boat": {
    "criteria": {
      "in_water": "2024-06-05 04:10:57 +0000"
    },
    "done": true
  },
  "minecraft:recipes/transportation/mangrove_boat": {
    "criteria": {
      "in_water": "2024-06-05 04:10:57 +0000"
    },
    "done": true
  },
  "minecraft:recipes/transportation/acacia_boat": {
    "criteria": {
      "in_water": "2024-06-05 04:10:57 +0000"
    },
    "done": true
  },
  "minecraft:recipes/transportation/jungle_boat": {
    "criteria": {
      "in_water": "2024-06-05 04:10:57 +0000"
    },
    "done": true
  },
  "minecraft:recipes/transportation/dark_oak_boat": {
    "criteria": {
      "in_water": "2024-06-05 04:10:57 +0000"
    },
    "done": true
  },
  "minecraft:recipes/misc/copper_ingot_from_blasting_raw_copper": {
    "criteria": {
      "has_raw_copper": "2024-06-05 04:18:30 +0000"
    },
    "done": true
  },
  "minecraft:recipes/building_blocks/raw_copper_block": {
    "criteria": {
      "has_raw_copper": "2024-06-05 04:18:30 +0000"
    },
    "done": true
  },
  "minecraft:recipes/misc/copper_ingot_from_smelting_raw_copper": {
    "criteria": {
      "has_raw_copper": "2024-06-05 04:18:30 +0000"
    },
    "done": true
  },
  "minecraft:recipes/food/cooked_chicken_from_campfire_cooking": {
    "criteria": {
      "has_chicken": "2024-06-05 04:23:42 +0000"
    },
    "done": true
  },
  "minecraft:recipes/food/cooked_chicken": {
    "criteria": {
      "has_chicken": "2024-06-05 04:23:42 +0000"
    },
    "done": true
  },
  "naturalist:recipes/food/cooked_bass": {
    "criteria": {
      "has_bass": "2024-06-05 04:23:42 +0000"
    },
    "done": true
  },
  "farmersdelight:recipes/cooking/chicken_soup": {
    "criteria": {
      "has_any_ingredient": "2024-06-05 04:23:42 +0000"
    },
    "done": true
  },
  "minecraft:recipes/food/cooked_chicken_from_smoking": {
    "criteria": {
      "has_chicken": "2024-06-05 04:23:42 +0000"
    },
    "done": true
  },
  "decorative_blocks:recipes/decorations/chandelier": {
    "criteria": {
      "has_torch": "2024-06-05 04:23:45 +0000"
    },
    "done": true
  },
  "mcda:recipes/upgrade_cores/upgrade_core_spider": {
    "criteria": {
      "has_core_specification_item": "2024-06-05 04:23:45 +0000"
    },
    "done": true
  },
  "mcda:recipes/base_armors/spelunker_armor_helmet": {
    "criteria": {
      "has_torch": "2024-06-05 04:23:45 +0000"
    },
    "done": true
  },
  "minecraft:recipes/brewing/fermented_spider_eye": {
    "criteria": {
      "has_spider_eye": "2024-06-05 04:23:45 +0000"
    },
    "done": true
  },
  "decorative_blocks:recipes/decorations/torch_from_chandelier": {
    "criteria": {
      "has_torch": "2024-06-05 04:23:45 +0000"
    },
    "done": true
  },
  "decorative_blocks:recipes/building_blocks/birch_palisade": {
    "criteria": {
      "has_log": "2024-06-05 04:25:09 +0000"
    },
    "done": true
  },
  "minecraft:recipes/building_blocks/birch_wood": {
    "criteria": {
      "has_log": "2024-06-05 04:25:09 +0000"
    },
    "done": true
  },
  "minecraft:recipes/building_blocks/birch_planks": {
    "criteria": {
      "has_logs": "2024-06-05 04:25:09 +0000"
    },
    "done": true
  },
  "mcdw:recipes/crossbows/crossbow_auto": {
    "criteria": {
      "has_redstone": "2024-06-05 04:27:02 +0000"
    },
    "done": true
  },
  "mcdw:recipes/swords/sword_heartstealer": {
    "criteria": {
      "has_redstone": "2024-06-05 04:27:02 +0000"
    },
    "done": true
  },
  "minecraft:recipes/redstone/redstone_torch": {
    "criteria": {
      "has_redstone": "2024-06-05 04:27:02 +0000"
    },
    "done": true
  },
  "minecraft:recipes/tools/clock": {
    "criteria": {
      "has_redstone": "2024-06-05 04:27:02 +0000"
    },
    "done": true
  },
  "minecraft:recipes/redstone/note_block": {
    "criteria": {
      "has_redstone": "2024-06-05 04:27:02 +0000"
    },
    "done": true
  },
  "minecraft:recipes/redstone/target": {
    "criteria": {
      "has_redstone": "2024-06-05 04:27:02 +0000"
    },
    "done": true
  },
  "minecraft:recipes/tools/compass": {
    "criteria": {
      "has_redstone": "2024-06-05 04:27:02 +0000"
    },
    "done": true
  },
  "travelersbackpack:recipes/misc/redstone": {
    "criteria": {
      "has_redstone": "2024-06-05 04:27:02 +0000"
    },
    "done": true
  },
  "mcdw:recipes/longbows/bow_red_snake": {
    "criteria": {
      "has_redstone": "2024-06-05 04:27:02 +0000"
    },
    "done": true
  },
  "minecraft:recipes/redstone/dropper": {
    "criteria": {
      "has_redstone": "2024-06-05 04:27:02 +0000"
    },
    "done": true
  },
  "minecraft:recipes/redstone/redstone_block": {
    "criteria": {
      "has_redstone": "2024-06-05 04:27:02 +0000"
    },
    "done": true
  },
  "mcda:recipes/crafting_items/gemstone_red": {
    "criteria": {
      "has_redstone": "2024-06-05 04:27:02 +0000"
    },
    "done": true
  },
  "minecraft:recipes/redstone/piston": {
    "criteria": {
      "has_redstone": "2024-06-05 04:27:02 +0000"
    },
    "done": true
  },
  "farmersdelight:recipes/food/milk_bottle": {
    "criteria": {
      "has_milk_bucket": "2024-06-05 04:44:44 +0000"
    },
    "done": true
  },
  "farmersdelight:recipes/cooking/glow_berry_custard": {
    "criteria": {
      "has_any_ingredient": "2024-06-05 04:44:44 +0000"
    },
    "done": true
  },
  "farmersdelight:recipes/cooking/hot_cocoa": {
    "criteria": {
      "has_any_ingredient": "2024-06-05 04:44:44 +0000"
    },
    "done": true
  },
  "travelersbackpack:recipes/misc/cow": {
    "criteria": {
      "has_milk_bucket": "2024-06-05 04:44:44 +0000"
    },
    "done": true
  },
  "farmersdelight:recipes/cooking/apple_cider": {
    "criteria": {
      "has_apple": "2024-06-05 04:45:16 +0000"
    },
    "done": true
  },
  "minecraft:recipes/misc/pink_dye_from_peony": {
    "criteria": {
      "has_peony": "2024-06-05 04:49:53 +0000"
    },
    "done": true
  },
  "minecraft:adventure/sleep_in_bed": {
    "criteria": {
      "slept_in_bed": "2024-06-05 04:50:15 +0000"
    },
    "done": true
  },
  "the_bumblezone:teleportation/is_near_beehive": {
    "criteria": {
      "is_near_beehive": "2024-06-06 04:38:22 +0000"
    },
    "done": true
  },
  "minecraft:recipes/misc/pink_dye_from_pink_petals": {
    "criteria": {
      "has_pink_petals": "2024-06-06 04:38:28 +0000"
    },
    "done": true
  },
  "minecraft:recipes/food/cooked_mutton_from_smoking": {
    "criteria": {
      "has_mutton": "2024-06-06 04:38:37 +0000"
    },
    "done": true
  },
  "minecraft:recipes/decorations/painting": {
    "criteria": {
      "has_wool": "2024-06-06 04:38:37 +0000"
    },
    "done": true
  },
  "travelersbackpack:recipes/decorations/white_sleeping_bag": {
    "criteria": {
      "has_white_wool": "2024-06-06 04:38:37 +0000"
    },
    "done": true
  },
  "minecraft:recipes/decorations/white_carpet": {
    "criteria": {
      "has_white_wool": "2024-06-06 04:38:37 +0000"
    },
    "done": true
  },
  "comforts:sleeping_bag_white": {
    "criteria": {
      "has_white_wool": "2024-06-06 04:38:37 +0000"
    },
    "done": true
  },
  "minecraft:recipes/food/cooked_mutton": {
    "criteria": {
      "has_mutton": "2024-06-06 04:38:37 +0000"
    },
    "done": true
  },
  "travelersbackpack:recipes/misc/sheep": {
    "criteria": {
      "has_white_wool": "2024-06-06 04:38:37 +0000"
    },
    "done": true
  },
  "minecraft:recipes/decorations/white_banner": {
    "criteria": {
      "has_white_wool": "2024-06-06 04:38:37 +0000"
    },
    "done": true
  },
  "minecraft:recipes/food/cooked_mutton_from_campfire_cooking": {
    "criteria": {
      "has_mutton": "2024-06-06 04:38:37 +0000"
    },
    "done": true
  },
  "farmersdelight:recipes/cooking/pasta_with_mutton_chop": {
    "criteria": {
      "has_any_ingredient": "2024-06-06 04:38:37 +0000"
    },
    "done": true
  },
  "comforts:hammock_white": {
    "criteria": {
      "has_white_wool": "2024-06-06 04:38:37 +0000"
    },
    "done": true
  },
  "minecraft:recipes/decorations/white_bed": {
    "criteria": {
      "has_white_wool": "2024-06-06 04:38:37 +0000"
    },
    "done": true
  },
  "dungeons_arise:find_bathhouse": {
    "criteria": {
      "location0": "2024-06-06 04:39:43 +0000"
    },
    "done": true
  },
  "mcdw:recipes/bows/bow_twin_bow": {
    "criteria": {
      "has_base_bow": "2024-06-06 04:41:29 +0000"
    },
    "done": true
  },
  "mcdw:recipes/bows/bow_soul_bow": {
    "criteria": {
      "has_base_bow": "2024-06-06 04:41:29 +0000"
    },
    "done": true
  },
  "mcdw:recipes/bows/bow_bubble_bow": {
    "criteria": {
      "has_bow": "2024-06-06 04:41:29 +0000"
    },
    "done": true
  },
  "mcdw:recipes/bows/bow_hunting_bow": {
    "criteria": {
      "has_base_bow": "2024-06-06 04:41:29 +0000"
    },
    "done": true
  },
  "mcdw:recipes/bows/bow_haunted_bow": {
    "criteria": {
      "has_base_bow": "2024-06-06 04:41:29 +0000"
    },
    "done": true
  },
  "minecraft:recipes/redstone/dispenser": {
    "criteria": {
      "has_bow": "2024-06-06 04:41:29 +0000"
    },
    "done": true
  },
  "mcdw:recipes/bows/bow_snow_bow": {
    "criteria": {
      "has_base_bow": "2024-06-06 04:41:29 +0000"
    },
    "done": true
  },
  "mcdw:recipes/bows/bow_web_bow": {
    "criteria": {
      "has_base_bow": "2024-06-06 04:41:29 +0000"
    },
    "done": true
  },
  "mcdw:recipes/bows/bow_phantom_bow": {
    "criteria": {
      "has_base_bow": "2024-06-06 04:41:29 +0000"
    },
    "done": true
  },
  "travelersbackpack:recipes/misc/skeleton": {
    "criteria": {
      "has_arrow": "2024-06-06 04:41:38 +0000"
    },
    "done": true
  },
  "mcda:recipes/upgrade_cores/upgrade_core_archer": {
    "criteria": {
      "has_core_specification_item": "2024-06-06 04:41:38 +0000"
    },
    "done": true
  },
  "mcdw:recipes/staves/staff_battlestaff_of_terror": {
    "criteria": {
      "has_iron_nugget": "2024-06-06 04:43:21 +0000"
    },
    "done": true
  },
  "mcdw:recipes/bows/bow_pink_scoundrel": {
    "criteria": {
      "has_gunpowder": "2024-06-06 04:43:21 +0000"
    },
    "done": true
  },
  "travelersbackpack:recipes/misc/creeper": {
    "criteria": {
      "has_gunpowder": "2024-06-06 04:43:21 +0000"
    },
    "done": true
  },
  "minecraft:recipes/decorations/chain": {
    "criteria": {
      "has_iron_nugget": "2024-06-06 04:43:21 +0000"
    },
    "done": true
  },
  "mcdw:recipes/swords/sword_broken_sawblade": {
    "criteria": {
      "has_iron_nugget": "2024-06-06 04:43:21 +0000"
    },
    "done": true
  },
  "mcdw:recipes/hammers/hammer_mace": {
    "criteria": {
      "has_iron_nugget": "2024-06-06 04:43:21 +0000"
    },
    "done": true
  },
  "mcdw:recipes/swords/sword_beestinger": {
    "criteria": {
      "has_iron_nugget": "2024-06-06 04:43:21 +0000"
    },
    "done": true
  },
  "mcdw:recipes/swords/sword_freezing_foil": {
    "criteria": {
      "has_iron_nugget": "2024-06-06 04:43:21 +0000"
    },
    "done": true
  },
  "mcda:recipes/crafting_items/iron_plate": {
    "criteria": {
      "has_iron_nugget": "2024-06-06 04:43:21 +0000"
    },
    "done": true
  },
  "mcdw:recipes/swords/sword_rapier": {
    "criteria": {
      "has_iron_nugget": "2024-06-06 04:43:21 +0000"
    },
    "done": true
  },
  "minecraft:recipes/decorations/lantern": {
    "criteria": {
      "has_iron_nugget": "2024-06-06 04:43:21 +0000"
    },
    "done": true
  },
  "mcdw:recipes/axes/axe_anchor": {
    "criteria": {
      "has_iron_nugget": "2024-06-06 04:43:21 +0000"
    },
    "done": true
  },
  "minecraft:recipes/misc/firework_rocket_simple": {
    "criteria": {
      "has_gunpowder": "2024-06-06 04:43:21 +0000"
    },
    "done": true
  },
  "minecraft:recipes/redstone/tnt": {
    "criteria": {
      "has_gunpowder": "2024-06-06 04:43:21 +0000"
    },
    "done": true
  },
  "mcda:recipes/crafting_items/iron_scale": {
    "criteria": {
      "has_iron_nugget": "2024-06-06 04:43:21 +0000"
    },
    "done": true
  },
  "minecraft:recipes/misc/iron_ingot_from_nuggets": {
    "criteria": {
      "has_iron_nugget": "2024-06-06 04:43:21 +0000"
    },
    "done": true
  },
  "minecraft:recipes/food/cooked_beef_from_smoking": {
    "criteria": {
      "has_beef": "2024-06-06 04:43:22 +0000"
    },
    "done": true
  },
  "farmersdelight:recipes/cooking/beef_stew": {
    "criteria": {
      "has_any_ingredient": "2024-06-06 04:43:22 +0000"
    },
    "done": true
  },
  "farmersdelight:recipes/cooking/pasta_with_meatballs": {
    "criteria": {
      "has_any_ingredient": "2024-06-06 04:43:22 +0000"
    },
    "done": true
  },
  "minecraft:recipes/food/cooked_beef": {
    "criteria": {
      "has_beef": "2024-06-06 04:43:22 +0000"
    },
    "done": true
  },
  "minecraft:recipes/food/cooked_beef_from_campfire_cooking": {
    "criteria": {
      "has_beef": "2024-06-06 04:43:22 +0000"
    },
    "done": true
  },
  "farmersdelight:recipes/food/wheat_dough_from_eggs": {
    "criteria": {
      "has_wheat": "2024-06-06 04:43:32 +0000"
    },
    "done": true
  },
  "farmersdelight:recipes/food/wheat_dough_from_water": {
    "criteria": {
      "has_wheat": "2024-06-06 04:43:32 +0000"
    },
    "done": true
  },
  "minecraft:recipes/food/bread": {
    "criteria": {
      "has_wheat": "2024-06-06 04:43:32 +0000"
    },
    "done": true
  },
  "minecraft:recipes/building_blocks/hay_block": {
    "criteria": {
      "has_wheat": "2024-06-06 04:43:32 +0000"
    },
    "done": true
  },
  "farmersdelight:recipes/food/pie_crust": {
    "criteria": {
      "has_wheat": "2024-06-06 04:43:32 +0000"
    },
    "done": true
  },
  "travelersbackpack:recipes/misc/hay": {
    "criteria": {
      "has_wheat": "2024-06-06 04:43:32 +0000"
    },
    "done": true
  },
  "farmersdelight:recipes/food/fried_egg_from_smoking": {
    "criteria": {
      "fried_egg": "2024-06-06 04:43:33 +0000"
    },
    "done": true
  },
  "minecraft:recipes/misc/melon_seeds": {
    "criteria": {
      "has_melon": "2024-06-06 04:43:33 +0000"
    },
    "done": true
  },
  "naturalist:recipes/food/cake": {
    "criteria": {
      "has_the_recipe": "2024-06-06 04:43:33 +0000"
    },
    "done": true
  },
  "minecraft:recipes/food/cake": {
    "criteria": {
      "has_egg": "2024-06-06 04:43:33 +0000"
    },
    "done": true
  },
  "farmersdelight:recipes/food/melon_juice": {
    "criteria": {
      "has_melon_slice": "2024-06-06 04:43:33 +0000"
    },
    "done": true
  },
  "farmersdelight:recipes/cooking/rabbit_stew": {
    "criteria": {
      "has_any_ingredient": "2024-06-06 04:43:33 +0000"
    },
    "done": true
  },
  "farmersdelight:recipes/food/melon_popsicle": {
    "criteria": {
      "has_melon": "2024-06-06 04:43:33 +0000"
    },
    "done": true
  },
  "farmersdelight:recipes/food/fried_egg_from_campfire_cooking": {
    "criteria": {
      "fried_egg": "2024-06-06 04:43:33 +0000"
    },
    "done": true
  },
  "farmersdelight:recipes/cooking/vegetable_noodles": {
    "criteria": {
      "has_any_ingredient": "2024-06-06 04:43:33 +0000"
    },
    "done": true
  },
  "farmersdelight:recipes/cooking/baked_cod_stew": {
    "criteria": {
      "has_any_ingredient": "2024-06-06 04:43:33 +0000"
    },
    "done": true
  },
  "farmersdelight:recipes/cooking/fried_rice": {
    "criteria": {
      "has_any_ingredient": "2024-06-06 04:43:33 +0000"
    },
    "done": true
  },
  "minecraft:recipes/brewing/glistering_melon_slice": {
    "criteria": {
      "has_melon": "2024-06-06 04:43:33 +0000"
    },
    "done": true
  },
  "travelersbackpack:recipes/misc/melon": {
    "criteria": {
      "has_melon_slice": "2024-06-06 04:43:33 +0000"
    },
    "done": true
  },
  "mca:recipes/misc/potions": {
    "criteria": {
      "has_item": "2024-06-06 04:43:33 +0000"
    },
    "done": true
  },
  "minecraft:recipes/transportation/carrot_on_a_stick": {
    "criteria": {
      "has_carrot": "2024-06-06 04:43:33 +0000"
    },
    "done": true
  },
  "minecraft:recipes/building_blocks/melon": {
    "criteria": {
      "has_melon": "2024-06-06 04:43:33 +0000"
    },
    "done": true
  },
  "travelersbackpack:recipes/misc/cake": {
    "criteria": {
      "has_egg": "2024-06-06 04:43:33 +0000"
    },
    "done": true
  },
  "farmersdelight:recipes/cooking/vegetable_soup": {
    "criteria": {
      "has_any_ingredient": "2024-06-06 04:43:33 +0000"
    },
    "done": true
  },
  "farmersdelight:recipes/food/fried_egg": {
    "criteria": {
      "fried_egg": "2024-06-06 04:43:33 +0000"
    },
    "done": true
  },
  "mcdw:recipes/bows/bow_hunters_promise": {
    "criteria": {
      "has_feather": "2024-06-06 04:43:39 +0000"
    },
    "done": true
  },
  "minecraft:recipes/combat/arrow": {
    "criteria": {
      "has_feather": "2024-06-06 04:43:39 +0000"
    },
    "done": true
  },
  "mcdw:recipes/double_axes/double_axe_whirlwind": {
    "criteria": {
      "has_feather": "2024-06-06 04:43:39 +0000"
    },
    "done": true
  },
  "travelersbackpack:recipes/misc/chicken": {
    "criteria": {
      "has_feather": "2024-06-06 04:43:39 +0000"
    },
    "done": true
  },
  "minecraft:recipes/misc/flower_banner_pattern": {
    "criteria": {
      "has_oxeye_daisy": "2024-06-06 04:51:37 +0000"
    },
    "done": true
  },
  "minecraft:recipes/misc/light_gray_dye_from_oxeye_daisy": {
    "criteria": {
      "has_oxeye_daisy": "2024-06-06 04:51:37 +0000"
    },
    "done": true
  },
  "minecraft:recipes/misc/blue_dye_from_cornflower": {
    "criteria": {
      "has_cornflower": "2024-06-06 04:51:42 +0000"
    },
    "done": true
  },
  "totw_modded:derelict_grass_tower": {
    "criteria": {
      "derelict_grass": "2024-06-06 04:52:43 +0000"
    },
    "done": true
  },
  "mcdw:recipes/daggers/dagger_the_beginning": {
    "criteria": {
      "has_ender_pearl": "2024-06-06 04:52:50 +0000"
    },
    "done": true
  },
  "mythicmounts:summoning_staff": {
    "criteria": {
      "has_pearl": "2024-06-06 04:52:50 +0000"
    },
    "done": true
  },
  "travelersbackpack:recipes/misc/enderman": {
    "criteria": {
      "has_ender_pearl": "2024-06-06 04:52:50 +0000"
    },
    "done": true
  },
  "mcda:recipes/base_armors/guards_armor_chestplate": {
    "criteria": {
      "has_iron_ingot": "2024-06-06 04:52:52 +0000"
    },
    "done": true
  },
  "mcda:recipes/base_armors/emerald_gear_leggings": {
    "criteria": {
      "has_iron_ingot": "2024-06-06 04:52:52 +0000"
    },
    "done": true
  },
  "mcda:recipes/base_armors/goat_gear_helmet": {
    "criteria": {
      "has_iron_ingot": "2024-06-06 04:52:52 +0000"
    },
    "done": true
  },
  "mcda:recipes/base_armors/guards_armor_helmet": {
    "criteria": {
      "has_iron_ingot": "2024-06-06 04:52:52 +0000"
    },
    "done": true
  },
  "mcda:recipes/base_armors/vanguard_armor_helmet": {
    "criteria": {
      "has_iron_ingot": "2024-06-06 04:52:52 +0000"
    },
    "done": true
  },
  "minecraft:recipes/combat/iron_leggings": {
    "criteria": {
      "has_iron_ingot": "2024-06-06 04:52:52 +0000"
    },
    "done": true
  },
  "mcda:recipes/base_armors/mystery_armor_blue_leggings": {
    "criteria": {
      "has_iron_ingot": "2024-06-06 04:52:52 +0000"
    },
    "done": true
  },
  "mcdw:recipes/crossbows/crossbow_butterfly": {
    "criteria": {
      "has_iron_ingot": "2024-06-06 04:52:52 +0000"
    },
    "done": true
  },
  "mcda:recipes/base_armors/thief_armor_chestplate": {
    "criteria": {
      "has_iron_ingot": "2024-06-06 04:52:52 +0000"
    },
    "done": true
  },
  "mcda:recipes/base_armors/mystery_armor_white_boots": {
    "criteria": {
      "has_iron_ingot": "2024-06-06 04:52:52 +0000"
    },
    "done": true
  },
  "mcdw:recipes/crossbows/crossbow_slayer": {
    "criteria": {
      "has_iron_ingot": "2024-06-06 04:52:52 +0000"
    },
    "done": true
  },
  "mcdw:recipes/bows/bow_green_menace": {
    "criteria": {
      "has_iron_ingot": "2024-06-06 04:52:52 +0000"
    },
    "done": true
  },
  "mcda:recipes/base_armors/mystery_armor_red_boots": {
    "criteria": {
      "has_iron_ingot": "2024-06-06 04:52:52 +0000"
    },
    "done": true
  },
  "mcdw:recipes/crossbows/crossbow_slicer": {
    "criteria": {
      "has_iron_ingot": "2024-06-06 04:52:52 +0000"
    },
    "done": true
  },
  "minecraft:recipes/combat/iron_chestplate": {
    "criteria": {
      "has_iron_ingot": "2024-06-06 04:52:52 +0000"
    },
    "done": true
  },
  "mcda:recipes/base_armors/ghostly_boots": {
    "criteria": {
      "has_iron_ingot": "2024-06-06 04:52:52 +0000"
    },
    "done": true
  },
  "comforts:rope_and_nail": {
    "criteria": {
      "has_iron": "2024-06-06 04:52:52 +0000"
    },
    "done": true
  },
  "mcda:recipes/base_armors/mystery_armor_blue_helmet": {
    "criteria": {
      "has_iron_ingot": "2024-06-06 04:52:52 +0000"
    },
    "done": true
  },
  "mcda:recipes/base_armors/emerald_gear_chestplate": {
    "criteria": {
      "has_iron_ingot": "2024-06-06 04:52:52 +0000"
    },
    "done": true
  },
  "mcda:recipes/base_armors/mystery_armor_blue_boots": {
    "criteria": {
      "has_iron_ingot": "2024-06-06 04:52:52 +0000"
    },
    "done": true
  },
  "travelersbackpack:recipes/misc/backpack_tank": {
    "criteria": {
      "has_iron": "2024-06-06 04:52:52 +0000"
    },
    "done": true
  },
  "mcdw:recipes/daggers/dagger_dagger": {
    "criteria": {
      "has_iron_ingot": "2024-06-06 04:52:52 +0000"
    },
    "done": true
  },
  "minecraft:recipes/misc/iron_nugget": {
    "criteria": {
      "has_iron_ingot": "2024-06-06 04:52:52 +0000"
    },
    "done": true
  },
  "mcda:recipes/base_armors/mystery_armor_purple_boots": {
    "criteria": {
      "has_iron_ingot": "2024-06-06 04:52:52 +0000"
    },
    "done": true
  },
  "mcda:recipes/base_armors/mystery_armor_purple_helmet": {
    "criteria": {
      "has_iron_ingot": "2024-06-06 04:52:52 +0000"
    },
    "done": true
  },
  "minecraft:recipes/misc/bucket": {
    "criteria": {
      "has_iron_ingot": "2024-06-06 04:52:52 +0000"
    },
    "done": true
  },
  "mcda:recipes/base_armors/dark_armor_boots": {
    "criteria": {
      "has_iron_ingot": "2024-06-06 04:52:52 +0000"
    },
    "done": true
  },
  "minecraft:recipes/combat/iron_helmet": {
    "criteria": {
      "has_iron_ingot": "2024-06-06 04:52:52 +0000"
    },
    "done": true
  },
  "minecraft:recipes/transportation/minecart": {
    "criteria": {
      "has_iron_ingot": "2024-06-06 04:52:52 +0000"
    },
    "done": true
  },
  "mcda:recipes/base_armors/mystery_armor_green_helmet": {
    "criteria": {
      "has_iron_ingot": "2024-06-06 04:52:52 +0000"
    },
    "done": true
  },
  "minecraft:recipes/tools/iron_hoe": {
    "criteria": {
      "has_iron_ingot": "2024-06-06 04:52:52 +0000"
    },
    "done": true
  },
  "mcda:recipes/base_armors/dark_armor_leggings": {
    "criteria": {
      "has_iron_ingot": "2024-06-06 04:52:52 +0000"
    },
    "done": true
  },
  "mcda:recipes/base_armors/mystery_armor_red_leggings": {
    "criteria": {
      "has_iron_ingot": "2024-06-06 04:52:52 +0000"
    },
    "done": true
  },
  "mcda:recipes/base_armors/mystery_armor_purple_leggings": {
    "criteria": {
      "has_iron_ingot": "2024-06-06 04:52:52 +0000"
    },
    "done": true
  },
  "mcdw:recipes/bows/bow_trickbow": {
    "criteria": {
      "has_iron_ingot": "2024-06-06 04:52:52 +0000"
    },
    "done": true
  },
  "mcda:recipes/base_armors/spelunker_armor_chestplate": {
    "criteria": {
      "has_iron_ingot": "2024-06-06 04:52:52 +0000"
    },
    "done": true
  },
  "mcdw:recipes/scythes/scythe_soul_scythe": {
    "criteria": {
      "has_iron_ingot": "2024-06-06 04:52:52 +0000"
    },
    "done": true
  },
  "immersive_aircraft:misc/aircraftery": {
    "criteria": {
      "has_item": "2024-06-06 04:52:52 +0000"
    },
    "done": true
  },
  "minecraft:story/smelt_iron": {
    "criteria": {
      "iron": "2024-06-06 04:52:52 +0000"
    },
    "done": true
  },
  "minecraft:recipes/tools/shears": {
    "criteria": {
      "has_iron_ingot": "2024-06-06 04:52:52 +0000"
    },
    "done": true
  },
  "mcdw:recipes/daggers/dagger_moon": {
    "criteria": {
      "has_iron_ingot": "2024-06-06 04:52:52 +0000"
    },
    "done": true
  },
  "mcdw:recipes/bows/bow_wind_bow": {
    "criteria": {
      "has_iron_ingot": "2024-06-06 04:52:52 +0000"
    },
    "done": true
  },
  "mcdw:recipes/shields/shield_royal_guard": {
    "criteria": {
      "has_iron_ingot": "2024-06-06 04:52:52 +0000"
    },
    "done": true
  },
  "minecraft:recipes/building_blocks/iron_block": {
    "criteria": {
      "has_iron_ingot": "2024-06-06 04:52:52 +0000"
    },
    "done": true
  },
  "mcda:recipes/base_armors/spelunker_armor_boots": {
    "criteria": {
      "has_iron_ingot": "2024-06-06 04:52:52 +0000"
    },
    "done": true
  },
  "farmersdelight:recipes/decorations/cooking_pot": {
    "criteria": {
      "has_iron_ingot": "2024-06-06 04:52:52 +0000"
    },
    "done": true
  },
  "mcdw:recipes/swords/sword_great_axeblade": {
    "criteria": {
      "has_iron_ingot": "2024-06-06 04:52:52 +0000"
    },
    "done": true
  },
  "mcdw:recipes/swords/sword_cutlass": {
    "criteria": {
      "has_iron_ingot": "2024-06-06 04:52:52 +0000"
    },
    "done": true
  },
  "minecraft:recipes/decorations/smithing_table": {
    "criteria": {
      "has_iron_ingot": "2024-06-06 04:52:52 +0000"
    },
    "done": true
  },
  "mcda:recipes/base_armors/mystery_armor_white_chestplate": {
    "criteria": {
      "has_iron_ingot": "2024-06-06 04:52:52 +0000"
    },
    "done": true
  },
  "mca:recipes/misc/needle_and_thread": {
    "criteria": {
      "has_item": "2024-06-06 04:52:52 +0000"
    },
    "done": true
  },
  "mcdw:recipes/bows/bow_elite_power_bow": {
    "criteria": {
      "has_iron_ingot": "2024-06-06 04:52:52 +0000"
    },
    "done": true
  },
  "mcdw:recipes/longbows/bow_guardian_bow": {
    "criteria": {
      "has_iron_ingot": "2024-06-06 04:52:52 +0000"
    },
    "done": true
  },
  "mcdw:recipes/crossbows/crossbow_voidcaller_crossbow": {
    "criteria": {
      "has_iron_ingot": "2024-06-06 04:52:52 +0000"
    },
    "done": true
  },
  "mca:recipes/misc/whistle": {
    "criteria": {
      "has_item": "2024-06-06 04:52:52 +0000"
    },
    "done": true
  },
  "mcdw:recipes/shields/shield_tower_guard": {
    "criteria": {
      "has_iron_ingot": "2024-06-06 04:52:52 +0000"
    },
    "done": true
  },
  "mcdw:recipes/crossbows/crossbow_burst": {
    "criteria": {
      "has_iron_ingot": "2024-06-06 04:52:52 +0000"
    },
    "done": true
  },
  "mcdw:recipes/axes/axe_firebrand": {
    "criteria": {
      "has_iron_ingot": "2024-06-06 04:52:52 +0000"
    },
    "done": true
  },
  "mcda:recipes/base_armors/spelunker_armor_leggings": {
    "criteria": {
      "has_iron_ingot": "2024-06-06 04:52:52 +0000"
    },
    "done": true
  },
  "minecraft:recipes/combat/iron_sword": {
    "criteria": {
      "has_iron_ingot": "2024-06-06 04:52:52 +0000"
    },
    "done": true
  },
  "mcda:recipes/base_armors/thief_armor_helmet": {
    "criteria": {
      "has_iron_ingot": "2024-06-06 04:52:52 +0000"
    },
    "done": true
  },
  "minecraft:recipes/tools/iron_pickaxe": {
    "criteria": {
      "has_iron_ingot": "2024-06-06 04:52:52 +0000"
    },
    "done": true
  },
  "mcda:recipes/base_armors/mystery_armor_green_chestplate": {
    "criteria": {
      "has_iron_ingot": "2024-06-06 04:52:52 +0000"
    },
    "done": true
  },
  "mcda:recipes/base_armors/mystery_armor_green_leggings": {
    "criteria": {
      "has_iron_ingot": "2024-06-06 04:52:52 +0000"
    },
    "done": true
  },
  "minecraft:recipes/combat/shield": {
    "criteria": {
      "has_iron_ingot": "2024-06-06 04:52:52 +0000"
    },
    "done": true
  },
  "minecraft:recipes/redstone/hopper": {
    "criteria": {
      "has_iron_ingot": "2024-06-06 04:52:52 +0000"
    },
    "done": true
  },
  "travelersbackpack:recipes/misc/iron": {
    "criteria": {
      "has_iron_ingot": "2024-06-06 04:52:52 +0000"
    },
    "done": true
  },
  "mcda:recipes/base_armors/mystery_armor_white_leggings": {
    "criteria": {
      "has_iron_ingot": "2024-06-06 04:52:52 +0000"
    },
    "done": true
  },
  "minecraft:recipes/decorations/iron_bars": {
    "criteria": {
      "has_iron_ingot": "2024-06-06 04:52:52 +0000"
    },
    "done": true
  },
  "mcda:recipes/base_armors/mystery_armor_red_chestplate": {
    "criteria": {
      "has_iron_ingot": "2024-06-06 04:52:52 +0000"
    },
    "done": true
  },
  "travelersbackpack:recipes/misc/iron_tier_upgrade": {
    "criteria": {
      "has_iron_ingot": "2024-06-06 04:52:52 +0000"
    },
    "done": true
  },
  "justhammers:recipes/tools/iron_hammer": {
    "criteria": {
      "has_material": "2024-06-06 04:52:52 +0000"
    },
    "done": true
  },
  "mcda:recipes/base_armors/ghostly_chestplate": {
    "criteria": {
      "has_iron_ingot": "2024-06-06 04:52:52 +0000"
    },
    "done": true
  },
  "mca:recipes/misc/comb": {
    "criteria": {
      "has_item": "2024-06-06 04:52:52 +0000"
    },
    "done": true
  },
  "minecraft:recipes/combat/iron_boots": {
    "criteria": {
      "has_iron_ingot": "2024-06-06 04:52:52 +0000"
    },
    "done": true
  },
  "travelersbackpack:recipes/misc/hose_nozzle": {
    "criteria": {
      "has_iron": "2024-06-06 04:52:52 +0000"
    },
    "done": true
  },
  "mcdw:recipes/axes/axe_highland": {
    "criteria": {
      "has_iron_ingot": "2024-06-06 04:52:52 +0000"
    },
    "done": true
  },
  "mcda:recipes/base_armors/vanguard_armor_chestplate": {
    "criteria": {
      "has_iron_ingot": "2024-06-06 04:52:52 +0000"
    },
    "done": true
  },
  "mcda:recipes/base_armors/mystery_armor_purple_chestplate": {
    "criteria": {
      "has_iron_ingot": "2024-06-06 04:52:52 +0000"
    },
    "done": true
  },
  "mcda:recipes/base_armors/battle_robe_chestplate": {
    "criteria": {
      "has_iron_ingot": "2024-06-06 04:52:52 +0000"
    },
    "done": true
  },
  "mcda:recipes/base_armors/mystery_armor_green_boots": {
    "criteria": {
      "has_iron_ingot": "2024-06-06 04:52:52 +0000"
    },
    "done": true
  },
  "minecraft:recipes/tools/iron_shovel": {
    "criteria": {
      "has_iron_ingot": "2024-06-06 04:52:52 +0000"
    },
    "done": true
  },
  "mcdw:recipes/daggers/dagger_tempest_knife": {
    "criteria": {
      "has_iron_ingot": "2024-06-06 04:52:52 +0000"
    },
    "done": true
  },
  "mcdw:recipes/shortbows/bow_mechanical_shortbow": {
    "criteria": {
      "has_iron_ingot": "2024-06-06 04:52:52 +0000"
    },
    "done": true
  },
  "decorative_blocks:recipes/building_blocks/chain": {
    "criteria": {
      "has_ingot": "2024-06-06 04:52:52 +0000"
    },
    "done": true
  },
  "mcda:recipes/base_armors/mystery_armor_white_helmet": {
    "criteria": {
      "has_iron_ingot": "2024-06-06 04:52:52 +0000"
    },
    "done": true
  },
  "mcdw:recipes/sickles/sickle_nightmares_bite": {
    "criteria": {
      "has_iron_ingot": "2024-06-06 04:52:52 +0000"
    },
    "done": true
  },
  "mcda:recipes/base_armors/thief_armor_leggings": {
    "criteria": {
      "has_iron_ingot": "2024-06-06 04:52:52 +0000"
    },
    "done": true
  },
  "mcdw:recipes/scythes/scythe_jailors_scythe": {
    "criteria": {
      "has_iron_ingot": "2024-06-06 04:52:52 +0000"
    },
    "done": true
  },
  "mcdw:recipes/bows/bow_sabrewing": {
    "criteria": {
      "has_iron_ingot": "2024-06-06 04:52:52 +0000"
    },
    "done": true
  },
  "mcda:recipes/base_armors/ghostly_leggings": {
    "criteria": {
      "has_iron_ingot": "2024-06-06 04:52:52 +0000"
    },
    "done": true
  },
  "soulsweapons:holy_greatsword_recipe": {
    "criteria": {
      "has_item": "2024-06-06 04:52:52 +0000"
    },
    "done": true
  },
  "mcda:recipes/base_armors/piglin_armor_chestplate": {
    "criteria": {
      "has_iron_ingot": "2024-06-06 04:52:52 +0000"
    },
    "done": true
  },
  "mcdw:recipes/bows/bow_echo_of_the_valley": {
    "criteria": {
      "has_iron_ingot": "2024-06-06 04:52:52 +0000"
    },
    "done": true
  },
  "mcdw:recipes/swords/sword_katana": {
    "criteria": {
      "has_iron_ingot": "2024-06-06 04:52:52 +0000"
    },
    "done": true
  },
  "mcda:recipes/base_armors/dark_armor_chestplate": {
    "criteria": {
      "has_iron_ingot": "2024-06-06 04:52:52 +0000"
    },
    "done": true
  },
  "mcda:recipes/base_armors/dark_armor_helmet": {
    "criteria": {
      "has_iron_ingot": "2024-06-06 04:52:52 +0000"
    },
    "done": true
  },
  "mcda:recipes/base_armors/emerald_gear_boots": {
    "criteria": {
      "has_iron_ingot": "2024-06-06 04:52:52 +0000"
    },
    "done": true
  },
  "minecraft:recipes/redstone/iron_trapdoor": {
    "criteria": {
      "has_iron_ingot": "2024-06-06 04:52:52 +0000"
    },
    "done": true
  },
  "mcdw:recipes/sickles/sickle_last_laugh_silver": {
    "criteria": {
      "has_iron_ingot": "2024-06-06 04:52:52 +0000"
    },
    "done": true
  },
  "mcdw:recipes/swords/sword_broadsword": {
    "criteria": {
      "has_iron_ingot": "2024-06-06 04:52:52 +0000"
    },
    "done": true
  },
  "mcda:recipes/base_armors/mystery_armor_blue_chestplate": {
    "criteria": {
      "has_iron_ingot": "2024-06-06 04:52:52 +0000"
    },
    "done": true
  },
  "minecraft:recipes/tools/iron_axe": {
    "criteria": {
      "has_iron_ingot": "2024-06-06 04:52:52 +0000"
    },
    "done": true
  },
  "minecraft:recipes/combat/crossbow": {
    "criteria": {
      "has_iron_ingot": "2024-06-06 04:52:52 +0000"
    },
    "done": true
  },
  "mcdw:recipes/crossbows/crossbow_imploding": {
    "criteria": {
      "has_iron_ingot": "2024-06-06 04:52:52 +0000"
    },
    "done": true
  },
  "mcda:recipes/base_armors/guards_armor_leggings": {
    "criteria": {
      "has_iron_ingot": "2024-06-06 04:52:52 +0000"
    },
    "done": true
  },
  "mcdw:recipes/swords/sword_claymore": {
    "criteria": {
      "has_iron_ingot": "2024-06-06 04:52:52 +0000"
    },
    "done": true
  },
  "mcdw:recipes/sickles/sickle_sickle": {
    "criteria": {
      "has_iron_ingot": "2024-06-06 04:52:52 +0000"
    },
    "done": true
  },
  "mcdw:recipes/crossbows/crossbow_heavy": {
    "criteria": {
      "has_iron_ingot": "2024-06-06 04:52:52 +0000"
    },
    "done": true
  },
  "mcdw:recipes/bows/bow_power_bow": {
    "criteria": {
      "has_iron_ingot": "2024-06-06 04:52:52 +0000"
    },
    "done": true
  },
  "mcdw:recipes/spears/spear_whispering_spear": {
    "criteria": {
      "has_iron_ingot": "2024-06-06 04:52:52 +0000"
    },
    "done": true
  },
  "farmersdelight:recipes/combat/iron_knife": {
    "criteria": {
      "has_iron_ingot": "2024-06-06 04:52:52 +0000"
    },
    "done": true
  },
  "mcda:recipes/base_armors/mystery_armor_red_helmet": {
    "criteria": {
      "has_iron_ingot": "2024-06-06 04:52:52 +0000"
    },
    "done": true
  },
  "mcdw:recipes/crossbows/crossbow_rapid": {
    "criteria": {
      "has_iron_ingot": "2024-06-06 04:52:52 +0000"
    },
    "done": true
  },
  "mcdw:recipes/crossbows/crossbow_veiled_crossbow": {
    "criteria": {
      "has_iron_ingot": "2024-06-06 04:52:52 +0000"
    },
    "done": true
  },
  "mcda:recipes/base_armors/thief_armor_boots": {
    "criteria": {
      "has_iron_ingot": "2024-06-06 04:52:52 +0000"
    },
    "done": true
  },
  "mcdw:recipes/bows/bow_nocturnal_bow": {
    "criteria": {
      "has_iron_ingot": "2024-06-06 04:52:52 +0000"
    },
    "done": true
  },
  "decorative_blocks:recipes/building_blocks/bar_panel": {
    "criteria": {
      "has_ingot": "2024-06-06 04:52:52 +0000"
    },
    "done": true
  },
  "mcdw:recipes/shortbows/bow_purple_storm": {
    "criteria": {
      "has_iron_ingot": "2024-06-06 04:52:52 +0000"
    },
    "done": true
  },
  "minecraft:recipes/redstone/iron_door": {
    "criteria": {
      "has_iron_ingot": "2024-06-06 04:52:52 +0000"
    },
    "done": true
  },
  "minecraft:recipes/redstone/heavy_weighted_pressure_plate": {
    "criteria": {
      "has_iron_ingot": "2024-06-06 04:52:52 +0000"
    },
    "done": true
  },
  "mcda:recipes/base_armors/guards_armor_boots": {
    "criteria": {
      "has_iron_ingot": "2024-06-06 04:52:52 +0000"
    },
    "done": true
  },
  "minecraft:recipes/misc/gold_ingot_from_nuggets": {
    "criteria": {
      "has_gold_nugget": "2024-06-06 04:52:54 +0000"
    },
    "done": true
  },
  "minecraft:recipes/brewing/golden_carrot": {
    "criteria": {
      "has_gold_nugget": "2024-06-06 04:52:54 +0000"
    },
    "done": true
  },
  "mcdw:recipes/staves/staff_growing_staff": {
    "criteria": {
      "has_gold_nugget": "2024-06-06 04:52:54 +0000"
    },
    "done": true
  },
  "mcdw:recipes/daggers/dagger_backstabber": {
    "criteria": {
      "has_gold_nugget": "2024-06-06 04:52:54 +0000"
    },
    "done": true
  },
  "minecraft:recipes/misc/map": {
    "criteria": {
      "has_compass": "2024-06-06 04:52:56 +0000"
    },
    "done": true
  },
  "paraglider:paraglider": {
    "criteria": {
      "paraglider": "2024-06-06 04:53:13 +0000"
    },
    "done": true
  },
  "paraglider:recipes/misc/cosmetic/deku_leaf": {
    "criteria": {
      "has_paragliders": "2024-06-06 04:53:13 +0000"
    },
    "done": true
  },
  "paraglider:recipes/misc/cosmetic/paraglider": {
    "criteria": {
      "has_paragliders": "2024-06-06 04:53:13 +0000"
    },
    "done": true
  },
  "mca:root": {
    "criteria": {
      "village_plains": "2024-06-06 04:54:46 +0000"
    },
    "done": true
  },
  "minecraft:recipes/combat/leather_helmet": {
    "criteria": {
      "has_leather": "2024-06-06 04:55:45 +0000"
    },
    "done": true
  },
  "minecraft:recipes/combat/leather_leggings": {
    "criteria": {
      "has_leather": "2024-06-06 04:55:45 +0000"
    },
    "done": true
  },
  "mcdw:recipes/gauntlets/gauntlet_gauntlets": {
    "criteria": {
      "has_leather": "2024-06-06 04:55:45 +0000"
    },
    "done": true
  },
  "mcdw:recipes/bows/bow_masters_bow": {
    "criteria": {
      "has_leather": "2024-06-06 04:55:45 +0000"
    },
    "done": true
  },
  "mcdw:recipes/hammers/hammer_great_hammer": {
    "criteria": {
      "has_leather": "2024-06-06 04:55:45 +0000"
    },
    "done": true
  },
  "mcdw:recipes/whips/whip_vine_whip": {
    "criteria": {
      "has_leather": "2024-06-06 04:55:45 +0000"
    },
    "done": true
  },
  "mcda:recipes/base_armors/vanguard_armor_leggings": {
    "criteria": {
      "has_leather": "2024-06-06 04:55:45 +0000"
    },
    "done": true
  },
  "minecraft:recipes/combat/leather_chestplate": {
    "criteria": {
      "has_leather": "2024-06-06 04:55:45 +0000"
    },
    "done": true
  },
  "mcda:recipes/base_armors/shulker_armor_chestplate": {
    "criteria": {
      "has_leather": "2024-06-06 04:55:45 +0000"
    },
    "done": true
  },
  "minecraft:recipes/misc/leather_horse_armor": {
    "criteria": {
      "has_leather": "2024-06-06 04:55:45 +0000"
    },
    "done": true
  },
  "mcdw:recipes/gauntlets/gauntlet_maulers": {
    "criteria": {
      "has_leather": "2024-06-06 04:55:45 +0000"
    },
    "done": true
  },
  "mcdw:recipes/swords/sword_dancers_sword": {
    "criteria": {
      "has_leather": "2024-06-06 04:55:45 +0000"
    },
    "done": true
  },
  "travelersbackpack:recipes/misc/horse": {
    "criteria": {
      "has_leather": "2024-06-06 04:55:45 +0000"
    },
    "done": true
  },
  "mcdw:recipes/whips/whip_whip": {
    "criteria": {
      "has_leather": "2024-06-06 04:55:45 +0000"
    },
    "done": true
  },
  "mcda:recipes/base_armors/grim_armor_boots": {
    "criteria": {
      "has_leather": "2024-06-06 04:55:45 +0000"
    },
    "done": true
  },
  "mcda:recipes/base_armors/turtle_armor_helmet": {
    "criteria": {
      "has_leather": "2024-06-06 04:55:45 +0000"
    },
    "done": true
  },
  "mcda:recipes/base_armors/evocation_robe_helmet": {
    "criteria": {
      "has_leather": "2024-06-06 04:55:45 +0000"
    },
    "done": true
  },
  "minecraft:recipes/decorations/item_frame": {
    "criteria": {
      "has_leather": "2024-06-06 04:55:45 +0000"
    },
    "done": true
  },
  "minecraft:recipes/combat/leather_boots": {
    "criteria": {
      "has_leather": "2024-06-06 04:55:45 +0000"
    },
    "done": true
  },
  "mcda:recipes/base_armors/grim_armor_leggings": {
    "criteria": {
      "has_leather": "2024-06-06 04:55:45 +0000"
    },
    "done": true
  },
  "minecraft:recipes/misc/yellow_dye_from_dandelion": {
    "criteria": {
      "has_dandelion": "2024-06-06 04:55:46 +0000"
    },
    "done": true
  },
  "minecraft:recipes/misc/red_dye_from_poppy": {
    "criteria": {
      "has_poppy": "2024-06-06 04:55:50 +0000"
    },
    "done": true
  },
  "farmersdelight:recipes/cooking/mushroom_rice": {
    "criteria": {
      "has_any_ingredient": "2024-06-06 04:58:03 +0000"
    },
    "done": true
  },
  "farmersdelight:recipes/cooking/mushroom_stew": {
    "criteria": {
      "has_any_ingredient": "2024-06-06 04:58:03 +0000"
    },
    "done": true
  },
  "minecraft:recipes/misc/bowl": {
    "criteria": {
      "has_red_mushroom": "2024-06-06 04:58:03 +0000"
    },
    "done": true
  },
  "minecraft:recipes/food/mushroom_stew": {
    "criteria": {
      "has_red_mushroom": "2024-06-06 04:58:03 +0000"
    },
    "done": true
  },
  "minecraft:recipes/misc/magenta_dye_from_allium": {
    "criteria": {
      "has_allium": "2024-06-06 05:05:19 +0000"
    },
    "done": true
  },
  "minecraft:recipes/food/baked_potato_from_campfire_cooking": {
    "criteria": {
      "has_potato": "2024-06-06 05:07:13 +0000"
    },
    "done": true
  },
  "minecraft:recipes/food/baked_potato": {
    "criteria": {
      "has_potato": "2024-06-06 05:07:13 +0000"
    },
    "done": true
  },
  "mcdw:recipes/hammers/hammer_boneclub": {
    "criteria": {
      "has_bone": "2024-06-06 05:07:13 +0000"
    },
    "done": true
  },
  "mcdw:recipes/scythes/scythe_skull_scythe": {
    "criteria": {
      "has_bone": "2024-06-06 05:07:13 +0000"
    },
    "done": true
  },
  "minecraft:recipes/misc/bone_meal": {
    "criteria": {
      "has_bone": "2024-06-06 05:07:13 +0000"
    },
    "done": true
  },
  "mcdw:recipes/bows/bow_bonebow": {
    "criteria": {
      "has_bone": "2024-06-06 05:07:13 +0000"
    },
    "done": true
  },
  "mcda:recipes/base_armors/grim_armor_chestplate": {
    "criteria": {
      "has_bone": "2024-06-06 05:07:13 +0000"
    },
    "done": true
  },
  "mcda:recipes/base_armors/piglin_armor_boots": {
    "criteria": {
      "has_bone": "2024-06-06 05:07:13 +0000"
    },
    "done": true
  },
  "mcda:recipes/crafting_items/skeleton_skull_to_bonemeal": {
    "criteria": {
      "has_the_recipe": "2024-06-06 05:07:13 +0000"
    },
    "done": true
  },
  "mcdw:recipes/crossbows/crossbow_feral_soul": {
    "criteria": {
      "has_bone": "2024-06-06 05:07:13 +0000"
    },
    "done": true
  },
  "mcda:recipes/base_armors/grim_armor_helmet": {
    "criteria": {
      "has_bone": "2024-06-06 05:07:13 +0000"
    },
    "done": true
  },
  "mcda:recipes/crafting_items/bone_rib_cage": {
    "criteria": {
      "has_bone": "2024-06-06 05:07:13 +0000"
    },
    "done": true
  },
  "minecraft:recipes/food/baked_potato_from_smoking": {
    "criteria": {
      "has_potato": "2024-06-06 05:07:13 +0000"
    },
    "done": true
  },
  "farmersdelight:recipes/cooking/bone_broth": {
    "criteria": {
      "has_bone": "2024-06-06 05:07:13 +0000"
    },
    "done": true
  },
  "travelersbackpack:recipes/misc/wolf": {
    "criteria": {
      "has_bone": "2024-06-06 05:07:13 +0000"
    },
    "done": true
  },
  "mcda:recipes/base_armors/piglin_armor_helmet": {
    "criteria": {
      "has_bone": "2024-06-06 05:07:13 +0000"
    },
    "done": true
  },
  "mcda:recipes/crafting_items/phantom_bones_to_bonemeal": {
    "criteria": {
      "has_the_recipe": "2024-06-06 05:07:13 +0000"
    },
    "done": true
  },
  "minecraft:recipes/misc/leather": {
    "criteria": {
      "has_rabbit_hide": "2024-06-06 05:07:14 +0000"
    },
    "done": true
  },
  "mcdw:recipes/crossbows/crossbow_exploding": {
    "criteria": {
      "has_tnt": "2024-06-06 05:07:14 +0000"
    },
    "done": true
  },
  "mcdw:recipes/swords/sword_hawkbrand_vanilla_sword": {
    "criteria": {
      "has_base": "2024-06-06 05:23:05 +0000"
    },
    "done": true
  },
  "minecraft:recipes/misc/iron_nugget_from_smelting": {
    "criteria": {
      "has_iron_sword": "2024-06-06 05:23:05 +0000"
    },
    "done": true
  },
  "mcdw:recipes/soul_daggers/soul_dagger_truthseeker_vanilla_sword": {
    "criteria": {
      "has_base": "2024-06-06 05:23:05 +0000"
    },
    "done": true
  },
  "mcdw:recipes/swords/sword_iron_sword_var": {
    "criteria": {
      "has_iron_sword": "2024-06-06 05:23:05 +0000"
    },
    "done": true
  },
  "mcdw:recipes/swords/sword_hawkbrand": {
    "criteria": {
      "has_the_recipe": "2024-06-06 05:23:05 +0000"
    },
    "done": true
  },
  "mcdw:recipes/glaives/spear_glaive": {
    "criteria": {
      "has_the_recipe": "2024-06-06 05:23:05 +0000"
    },
    "done": true
  },
  "mcdw:recipes/soul_daggers/soul_dagger_truthseeker": {
    "criteria": {
      "has_the_recipe": "2024-06-06 05:23:05 +0000"
    },
    "done": true
  },
  "minecraft:recipes/misc/iron_nugget_from_blasting": {
    "criteria": {
      "has_iron_sword": "2024-06-06 05:23:05 +0000"
    },
    "done": true
  },
  "mcdw:recipes/glaives/spear_glaive_vanilla_sword": {
    "criteria": {
      "has_iron_sword": "2024-06-06 05:23:05 +0000"
    },
    "done": true
  },
  "soulsweapons:kirkhammer_recipe": {
    "criteria": {
      "has_item": "2024-06-06 05:23:05 +0000"
    },
    "done": true
  },
  "minecraft:recipes/building_blocks/spruce_wood": {
    "criteria": {
      "has_log": "2024-06-06 05:27:03 +0000"
    },
    "done": true
  },
  "decorative_blocks:recipes/building_blocks/spruce_palisade": {
    "criteria": {
      "has_log": "2024-06-06 05:27:03 +0000"
    },
    "done": true
  },
  "minecraft:recipes/building_blocks/spruce_planks": {
    "criteria": {
      "has_logs": "2024-06-06 05:27:03 +0000"
    },
    "done": true
  },
  "decorative_blocks:recipes/building_blocks/spruce_support": {
    "criteria": {
      "has_plank": "2024-06-06 05:31:42 +0000"
    },
    "done": true
  },
  "decorative_blocks:recipes/building_blocks/spruce_seat": {
    "criteria": {
      "has_plank": "2024-06-06 05:31:42 +0000"
    },
    "done": true
  },
  "minecraft:recipes/decorations/spruce_sign": {
    "criteria": {
      "has_planks": "2024-06-06 05:31:42 +0000"
    },
    "done": true
  },
  "minecraft:recipes/decorations/spruce_fence": {
    "criteria": {
      "has_planks": "2024-06-06 05:31:42 +0000"
    },
    "done": true
  },
  "minecraft:recipes/building_blocks/spruce_slab": {
    "criteria": {
      "has_planks": "2024-06-06 05:31:42 +0000"
    },
    "done": true
  },
  "minecraft:recipes/redstone/spruce_button": {
    "criteria": {
      "has_planks": "2024-06-06 05:31:42 +0000"
    },
    "done": true
  },
  "minecraft:recipes/redstone/spruce_pressure_plate": {
    "criteria": {
      "has_planks": "2024-06-06 05:31:42 +0000"
    },
    "done": true
  },
  "minecraft:recipes/redstone/spruce_trapdoor": {
    "criteria": {
      "has_planks": "2024-06-06 05:31:42 +0000"
    },
    "done": true
  },
  "minecraft:recipes/redstone/spruce_door": {
    "criteria": {
      "has_planks": "2024-06-06 05:31:42 +0000"
    },
    "done": true
  },
  "minecraft:recipes/redstone/spruce_fence_gate": {
    "criteria": {
      "has_planks": "2024-06-06 05:31:42 +0000"
    },
    "done": true
  },
  "minecraft:recipes/building_blocks/spruce_stairs": {
    "criteria": {
      "has_planks": "2024-06-06 05:31:42 +0000"
    },
    "done": true
  },
  "minecraft:recipes/misc/red_dye_from_rose_bush": {
    "criteria": {
      "has_rose_bush": "2024-06-06 05:57:01 +0000"
    },
    "done": true
  },
  "mythicmobs:mythicmobs": {
    "criteria": {
      "tick": "2024-06-16 04:20:19 +0000"
    },
    "done": true
  },
  "minecraft:recipes/decorations/smoker": {
    "criteria": {
      "has_furnace": "2024-06-16 04:27:38 +0000"
    },
    "done": true
  },
  "minecraft:recipes/building_blocks/coarse_dirt": {
    "criteria": {
      "has_gravel": "2024-06-16 04:42:11 +0000"
    },
    "done": true
  },
  "minecraft:recipes/building_blocks/light_gray_concrete_powder": {
    "criteria": {
      "has_gravel": "2024-06-16 04:42:11 +0000"
    },
    "done": true
  },
  "minecraft:recipes/building_blocks/pink_concrete_powder": {
    "criteria": {
      "has_gravel": "2024-06-16 04:42:11 +0000"
    },
    "done": true
  },
  "minecraft:recipes/building_blocks/red_concrete_powder": {
    "criteria": {
      "has_gravel": "2024-06-16 04:42:11 +0000"
    },
    "done": true
  },
  "minecraft:recipes/building_blocks/brown_concrete_powder": {
    "criteria": {
      "has_gravel": "2024-06-16 04:42:11 +0000"
    },
    "done": true
  },
  "minecraft:recipes/building_blocks/light_blue_concrete_powder": {
    "criteria": {
      "has_gravel": "2024-06-16 04:42:11 +0000"
    },
    "done": true
  },
  "minecraft:recipes/building_blocks/green_concrete_powder": {
    "criteria": {
      "has_gravel": "2024-06-16 04:42:11 +0000"
    },
    "done": true
  },
  "minecraft:recipes/building_blocks/blue_concrete_powder": {
    "criteria": {
      "has_gravel": "2024-06-16 04:42:11 +0000"
    },
    "done": true
  },
  "minecraft:recipes/building_blocks/white_concrete_powder": {
    "criteria": {
      "has_gravel": "2024-06-16 04:42:11 +0000"
    },
    "done": true
  },
  "minecraft:recipes/building_blocks/lime_concrete_powder": {
    "criteria": {
      "has_gravel": "2024-06-16 04:42:11 +0000"
    },
    "done": true
  },
  "minecraft:recipes/building_blocks/orange_concrete_powder": {
    "criteria": {
      "has_gravel": "2024-06-16 04:42:11 +0000"
    },
    "done": true
  },
  "minecraft:recipes/building_blocks/magenta_concrete_powder": {
    "criteria": {
      "has_gravel": "2024-06-16 04:42:11 +0000"
    },
    "done": true
  },
  "minecraft:recipes/building_blocks/yellow_concrete_powder": {
    "criteria": {
      "has_gravel": "2024-06-16 04:42:11 +0000"
    },
    "done": true
  },
  "minecraft:recipes/building_blocks/gray_concrete_powder": {
    "criteria": {
      "has_gravel": "2024-06-16 04:42:11 +0000"
    },
    "done": true
  },
  "minecraft:recipes/building_blocks/black_concrete_powder": {
    "criteria": {
      "has_gravel": "2024-06-16 04:42:11 +0000"
    },
    "done": true
  },
  "minecraft:recipes/building_blocks/purple_concrete_powder": {
    "criteria": {
      "has_gravel": "2024-06-16 04:42:11 +0000"
    },
    "done": true
  },
  "minecraft:recipes/building_blocks/cyan_concrete_powder": {
    "criteria": {
      "has_gravel": "2024-06-16 04:42:11 +0000"
    },
    "done": true
  },
  "minecraft:recipes/building_blocks/mossy_cobblestone_stairs_from_mossy_cobblestone_stonecutting": {
    "criteria": {
      "has_mossy_cobblestone": "2024-06-16 04:43:07 +0000"
    },
    "done": true
  },
  "minecraft:recipes/building_blocks/mossy_cobblestone_slab": {
    "criteria": {
      "has_mossy_cobblestone": "2024-06-16 04:43:07 +0000"
    },
    "done": true
  },
  "minecraft:recipes/building_blocks/mossy_cobblestone_stairs": {
    "criteria": {
      "has_mossy_cobblestone": "2024-06-16 04:43:07 +0000"
    },
    "done": true
  },
  "minecraft:recipes/decorations/mossy_cobblestone_wall": {
    "criteria": {
      "has_mossy_cobblestone": "2024-06-16 04:43:07 +0000"
    },
    "done": true
  },
  "minecraft:recipes/building_blocks/mossy_cobblestone_slab_from_mossy_cobblestone_stonecutting": {
    "criteria": {
      "has_mossy_cobblestone": "2024-06-16 04:43:07 +0000"
    },
    "done": true
  },
  "minecraft:recipes/decorations/mossy_cobblestone_wall_from_mossy_cobblestone_stonecutting": {
    "criteria": {
      "has_mossy_cobblestone": "2024-06-16 04:43:07 +0000"
    },
    "done": true
  },
  "mcdw:recipes/longbows/bow_longbow": {
    "criteria": {
      "has_string": "2024-06-16 04:54:37 +0000"
    },
    "done": true
  },
  "minecraft:recipes/combat/bow": {
    "criteria": {
      "has_string": "2024-06-16 04:54:37 +0000"
    },
    "done": true
  },
  "minecraft:recipes/tools/fishing_rod": {
    "criteria": {
      "has_string": "2024-06-16 04:54:37 +0000"
    },
    "done": true
  },
  "mcdw:recipes/crossbows/crossbow_corrupted_crossbow": {
    "criteria": {
      "has_string": "2024-06-16 04:54:37 +0000"
    },
    "done": true
  },
  "minecraft:recipes/redstone/tripwire_hook": {
    "criteria": {
      "has_string": "2024-06-16 04:54:37 +0000"
    },
    "done": true
  },
  "travelersbackpack:recipes/misc/spider": {
    "criteria": {
      "has_string": "2024-06-16 04:54:37 +0000"
    },
    "done": true
  },
  "minecraft:recipes/decorations/candle": {
    "criteria": {
      "has_string": "2024-06-16 04:54:37 +0000"
    },
    "done": true
  },
  "mcdw:recipes/shortbows/bow_love_spell_bow": {
    "criteria": {
      "has_string": "2024-06-16 04:54:37 +0000"
    },
    "done": true
  },
  "mcdw:recipes/bows/bow_bubble_burster": {
    "criteria": {
      "has_string": "2024-06-16 04:54:37 +0000"
    },
    "done": true
  },
  "mcdw:recipes/crossbows/crossbow_azure_seeker": {
    "criteria": {
      "has_string": "2024-06-16 04:54:37 +0000"
    },
    "done": true
  },
  "mcdw:recipes/crossbows/crossbow_shadow_crossbow": {
    "criteria": {
      "has_string": "2024-06-16 04:54:37 +0000"
    },
    "done": true
  },
  "mcdw:recipes/bows/bow_winters_touch": {
    "criteria": {
      "has_string": "2024-06-16 04:54:37 +0000"
    },
    "done": true
  },
  "mcdw:recipes/crossbows/crossbow_soul": {
    "criteria": {
      "has_string": "2024-06-16 04:54:37 +0000"
    },
    "done": true
  },
  "mcdw:recipes/shortbows/bow_shortbow": {
    "criteria": {
      "has_string": "2024-06-16 04:54:37 +0000"
    },
    "done": true
  },
  "mcdw:recipes/crossbows/crossbow_dual": {
    "criteria": {
      "has_string": "2024-06-16 04:54:37 +0000"
    },
    "done": true
  },
  "minecraft:recipes/building_blocks/white_wool_from_string": {
    "criteria": {
      "has_string": "2024-06-16 04:54:37 +0000"
    },
    "done": true
  },
  "mcdw:recipes/crossbows/crossbow_harp": {
    "criteria": {
      "has_string": "2024-06-16 04:54:37 +0000"
    },
    "done": true
  },
  "mcdw:recipes/bows/bow_call_of_the_void": {
    "criteria": {
      "has_string": "2024-06-16 04:54:37 +0000"
    },
    "done": true
  },
  "mcdw:recipes/bows/bow_lost_souls": {
    "criteria": {
      "has_string": "2024-06-16 04:54:37 +0000"
    },
    "done": true
  },
  "mcdw:recipes/crossbows/crossbow_doom_crossbow": {
    "criteria": {
      "has_string": "2024-06-16 04:54:37 +0000"
    },
    "done": true
  },
  "minecraft:recipes/decorations/loom": {
    "criteria": {
      "has_string": "2024-06-16 04:54:37 +0000"
    },
    "done": true
  },
  "mcdw:recipes/bows/bow_burst_gale_bow": {
    "criteria": {
      "has_string": "2024-06-16 04:54:37 +0000"
    },
    "done": true
  },
  "mcdw:recipes/bows/bow_void_bow": {
    "criteria": {
      "has_string": "2024-06-16 04:54:37 +0000"
    },
    "done": true
  },
  "minecraft:recipes/building_blocks/stone_bricks": {
    "criteria": {
      "has_stone": "2024-06-16 04:57:52 +0000"
    },
    "done": true
  },
  "minecraft:recipes/building_blocks/stone_bricks_from_stone_stonecutting": {
    "criteria": {
      "has_stone": "2024-06-16 04:57:52 +0000"
    },
    "done": true
  },
  "minecraft:recipes/building_blocks/stone_slab": {
    "criteria": {
      "has_stone": "2024-06-16 04:57:52 +0000"
    },
    "done": true
  },
  "minecraft:recipes/building_blocks/stone_stairs_from_stone_stonecutting": {
    "criteria": {
      "has_stone": "2024-06-16 04:57:52 +0000"
    },
    "done": true
  },
  "minecraft:recipes/redstone/stone_button": {
    "criteria": {
      "has_stone": "2024-06-16 04:57:52 +0000"
    },
    "done": true
  },
  "justhammers:recipes/tools/stone_reinforced_impact_hammer": {
    "criteria": {
      "has_material": "2024-06-16 04:57:52 +0000"
    },
    "done": true
  },
  "minecraft:recipes/decorations/stonecutter": {
    "criteria": {
      "has_stone": "2024-06-16 04:57:52 +0000"
    },
    "done": true
  },
  "minecraft:recipes/redstone/stone_pressure_plate": {
    "criteria": {
      "has_stone": "2024-06-16 04:57:52 +0000"
    },
    "done": true
  },
  "justhammers:recipes/tools/stone_destructor_hammer": {
    "criteria": {
      "has_material": "2024-06-16 04:57:52 +0000"
    },
    "done": true
  },
  "minecraft:recipes/building_blocks/smooth_stone": {
    "criteria": {
      "has_stone": "2024-06-16 04:57:52 +0000"
    },
    "done": true
  },
  "minecraft:recipes/decorations/stone_brick_walls_from_stone_stonecutting": {
    "criteria": {
      "has_stone": "2024-06-16 04:57:52 +0000"
    },
    "done": true
  },
  "justhammers:recipes/tools/stone_impact_hammer": {
    "criteria": {
      "has_material": "2024-06-16 04:57:52 +0000"
    },
    "done": true
  },
  "minecraft:recipes/building_blocks/stone_brick_slab_from_stone_stonecutting": {
    "criteria": {
      "has_stone": "2024-06-16 04:57:52 +0000"
    },
    "done": true
  },
  "minecraft:recipes/building_blocks/stone_brick_stairs_from_stone_stonecutting": {
    "criteria": {
      "has_stone": "2024-06-16 04:57:52 +0000"
    },
    "done": true
  },
  "minecraft:recipes/building_blocks/stone_slab_from_stone_stonecutting": {
    "criteria": {
      "has_stone": "2024-06-16 04:57:52 +0000"
    },
    "done": true
  },
  "justhammers:recipes/tools/stone_hammer": {
    "criteria": {
      "has_material": "2024-06-16 04:57:52 +0000"
    },
    "done": true
  },
  "minecraft:recipes/building_blocks/chiseled_stone_bricks_stone_from_stonecutting": {
    "criteria": {
      "has_stone": "2024-06-16 04:57:52 +0000"
    },
    "done": true
  },
  "decorative_blocks:recipes/building_blocks/stone_pillar": {
    "criteria": {
      "has_stone": "2024-06-16 04:57:52 +0000"
    },
    "done": true
  },
  "justhammers:recipes/tools/stone_reinforced_hammer": {
    "criteria": {
      "has_material": "2024-06-16 04:57:52 +0000"
    },
    "done": true
  },
  "minecraft:recipes/building_blocks/stone_stairs": {
    "criteria": {
      "has_stone": "2024-06-16 04:57:52 +0000"
    },
    "done": true
  },
  "farmersdelight:recipes/food/roasted_mutton_chops": {
    "criteria": {
      "has_mutton": "2024-06-16 04:58:21 +0000"
    },
    "done": true
  },
  "farmersdelight:recipes/food/shepherds_pie_block": {
    "criteria": {
      "has_cooked_mutton": "2024-06-16 04:58:21 +0000"
    },
    "done": true
  },
  "farmersdelight:recipes/food/mutton_wrap": {
    "criteria": {
      "has_mutton": "2024-06-16 04:58:21 +0000"
    },
    "done": true
  },
  "farmersdelight:recipes/food/grilled_salmon": {
    "criteria": {
      "has_salmon": "2024-06-16 04:58:45 +0000"
    },
    "done": true
  },
  "farmersdelight:recipes/cooking/fish_stew": {
    "criteria": {
      "has_any_ingredient": "2024-06-16 04:58:45 +0000"
    },
    "done": true
  },
  "minecraft:recipes/food/cooked_salmon": {
    "criteria": {
      "has_salmon": "2024-06-16 04:58:45 +0000"
    },
    "done": true
  },
  "minecraft:recipes/food/cooked_salmon_from_smoking": {
    "criteria": {
      "has_salmon": "2024-06-16 04:58:45 +0000"
    },
    "done": true
  },
  "minecraft:recipes/food/cooked_salmon_from_campfire_cooking": {
    "criteria": {
      "has_salmon": "2024-06-16 04:58:45 +0000"
    },
    "done": true
  },
  "minecraft:recipes/misc/light_gray_dye_from_azure_bluet": {
    "criteria": {
      "has_azure_bluet": "2024-06-16 05:21:42 +0000"
    },
    "done": true
  },
  "minecraft:story/iron_tools": {
    "criteria": {
      "iron_pickaxe": "2024-06-16 05:27:44 +0000"
    },
    "done": true
  },
  "minecraft:recipes/decorations/composter": {
    "criteria": {
      "has_wood_slab": "2024-06-16 05:37:12 +0000"
    },
    "done": true
  },
  "minecraft:recipes/decorations/oak_hanging_sign": {
    "criteria": {
      "has_stripped_logs": "2024-06-16 05:38:38 +0000"
    },
    "done": true
  },
  "decorative_blocks:recipes/building_blocks/oak_beam": {
    "criteria": {
      "has_stripped_log": "2024-06-16 05:38:38 +0000"
    },
    "done": true
  },
  "minecraft:recipes/building_blocks/stripped_oak_wood": {
    "criteria": {
      "has_log": "2024-06-16 05:38:38 +0000"
    },
    "done": true
  },
  "minecraft:recipes/decorations/stone_brick_wall": {
    "criteria": {
      "has_stone_bricks": "2024-06-16 05:58:08 +0000"
    },
    "done": true
  },
  "minecraft:recipes/building_blocks/cracked_stone_bricks": {
    "criteria": {
      "has_stone_bricks": "2024-06-16 05:58:08 +0000"
    },
    "done": true
  },
  "minecraft:recipes/building_blocks/stone_brick_stairs_from_stone_bricks_stonecutting": {
    "criteria": {
      "has_stone_bricks": "2024-06-16 05:58:08 +0000"
    },
    "done": true
  },
  "minecraft:recipes/building_blocks/stone_brick_stairs": {
    "criteria": {
      "has_stone_bricks": "2024-06-16 05:58:08 +0000"
    },
    "done": true
  },
  "minecraft:recipes/building_blocks/chiseled_stone_bricks": {
    "criteria": {
      "has_tag": "2024-06-16 05:58:08 +0000"
    },
    "done": true
  },
  "minecraft:recipes/decorations/stone_brick_wall_from_stone_bricks_stonecutting": {
    "criteria": {
      "has_stone_bricks": "2024-06-16 05:58:08 +0000"
    },
    "done": true
  },
  "minecraft:recipes/building_blocks/stone_brick_slab_from_stone_bricks_stonecutting": {
    "criteria": {
      "has_stone_bricks": "2024-06-16 05:58:08 +0000"
    },
    "done": true
  },
  "minecraft:recipes/building_blocks/stone_brick_slab": {
    "criteria": {
      "has_stone_bricks": "2024-06-16 05:58:08 +0000"
    },
    "done": true
  },
  "minecraft:recipes/building_blocks/chiseled_stone_bricks_from_stone_bricks_stonecutting": {
    "criteria": {
      "has_stone_bricks": "2024-06-16 05:58:08 +0000"
    },
    "done": true
  },
  "minecraft:recipes/redstone/birch_button": {
    "criteria": {
      "has_planks": "2024-06-22 17:26:09 +0000"
    },
    "done": true
  },
  "minecraft:recipes/redstone/birch_door": {
    "criteria": {
      "has_planks": "2024-06-22 17:26:09 +0000"
    },
    "done": true
  },
  "minecraft:recipes/decorations/birch_fence": {
    "criteria": {
      "has_planks": "2024-06-22 17:26:09 +0000"
    },
    "done": true
  },
  "decorative_blocks:recipes/building_blocks/birch_support": {
    "criteria": {
      "has_plank": "2024-06-22 17:26:09 +0000"
    },
    "done": true
  },
  "minecraft:recipes/decorations/birch_sign": {
    "criteria": {
      "has_planks": "2024-06-22 17:26:09 +0000"
    },
    "done": true
  },
  "minecraft:recipes/redstone/birch_fence_gate": {
    "criteria": {
      "has_planks": "2024-06-22 17:26:09 +0000"
    },
    "done": true
  },
  "decorative_blocks:recipes/building_blocks/birch_seat": {
    "criteria": {
      "has_plank": "2024-06-22 17:26:09 +0000"
    },
    "done": true
  },
  "minecraft:recipes/building_blocks/birch_slab": {
    "criteria": {
      "has_planks": "2024-06-22 17:26:09 +0000"
    },
    "done": true
  },
  "minecraft:recipes/building_blocks/birch_stairs": {
    "criteria": {
      "has_planks": "2024-06-22 17:26:09 +0000"
    },
    "done": true
  },
  "minecraft:recipes/redstone/birch_trapdoor": {
    "criteria": {
      "has_planks": "2024-06-22 17:26:09 +0000"
    },
    "done": true
  },
  "minecraft:recipes/redstone/birch_pressure_plate": {
    "criteria": {
      "has_planks": "2024-06-22 17:26:09 +0000"
    },
    "done": true
  },
  "DataVersion": 3465
}